schema_version,signal_id,strategy_version,generated_at,trade_date,date,ts_code,name,industry,momentum_score,close_quality_score,volume_funds_score,quality_score,risk_level,risk_flags,planned_entry_price,close,price_preference,selection_rank,rules_fingerprint,price_group,total_score,dimensions
legacy_v1,sig_e1cb0a6caeafe9b3bf60d303,legacy_v1,,20260724,20260724,000595.SZ,新能股份,,,,,,,,,6.07,,,,low_price_group,59.03,short_burst|t_active
legacy_v1,sig_74d24283104086ae0050bdb8,legacy_v1,,20260724,20260724,000703.SZ,恒逸石化,,,,,,,,,15.05,,,,mid_price_group,53.42,t_active|long_value
legacy_v1,sig_0337569cf1febdfed0d630cd,legacy_v1,,20260724,20260724,002300.SZ,太阳电缆,,,,,,,,,7.1,,,,low_price_group,56.46,short_burst|t_active
legacy_v1,sig_c19054d518b9d08d745f6bd2,legacy_v1,,20260724,20260724,300017.SZ,网宿科技,,,,,,,,,13.0,,,,mid_price_group,52.74,t_active|long_value
legacy_v1,sig_b8f8586b8a746d492cbdf91f,legacy_v1,,20260724,20260724,600011.SH,华能国际,,,,,,,,,7.09,,,,low_price_group,51.67,t_active|long_value
legacy_v1,sig_920638cd3f548b7ef5ef4daf,legacy_v1,,20260724,20260724,600188.SH,兖矿能源,,,,,,,,,19.73,,,,mid_price_group,54.74,t_active|long_value
legacy_v1,sig_9a2542426d7bbbb45e96c772,legacy_v1,,20260724,20260724,600352.SH,浙江龙盛,,,,,,,,,12.28,,,,mid_price_group,52.24,t_active|long_value
legacy_v1,sig_41728235b8f1769ba164afef,legacy_v1,,20260724,20260724,601600.SH,中国铝业,,,,,,,,,9.44,,,,low_price_group,50.96,t_active|long_value
legacy_v1,sig_19aa8d2c3cc6bb079cbc1664,legacy_v1,,20260724,20260724,603993.SH,洛阳钼业,,,,,,,,,19.04,,,,mid_price_group,55.46,t_active|long_value
legacy_v1,sig_f051f36154aabf1d3a8386f6,legacy_v1,,20260724,20260724,605162.SH,新中港,,,,,,,,,8.64,,,,low_price_group,51.87,short_burst|t_active
legacy_v1,sig_5d770b71211814d8ed7e58e0,legacy_v1,,20260727,20260727,000533.SZ,顺钠股份,,,,,,,,,10.51,,,,mid_price_group,53.04,short_burst|t_active
legacy_v1,sig_6d454e1409fe33bd8508c2ba,legacy_v1,,20260727,20260727,000670.SZ,盈方微,,,,,,,,,6.93,,,,low_price_group,54.63,short_burst|t_active
legacy_v1,sig_f1e26b1a3965c96c8cc5a550,legacy_v1,,20260727,20260727,000703.SZ,恒逸石化,,,,,,,,,15.81,,,,mid_price_group,52.5,t_active|long_value
legacy_v1,sig_2058545c18f43243d85f7d81,legacy_v1,,20260727,20260727,000725.SZ,京东方A,,,,,,,,,5.97,,,,low_price_group,53.58,t_active|long_value
legacy_v1,sig_d822a841634b270026e886e6,legacy_v1,,20260727,20260727,002498.SZ,汉缆股份,,,,,,,,,7.1,,,,low_price_group,69.35,short_burst|t_active
legacy_v1,sig_e910178d0d7ab091c618efb1,legacy_v1,,20260727,20260727,300017.SZ,网宿科技,,,,,,,,,13.33,,,,mid_price_group,52.25,t_active|long_value
legacy_v1,sig_279633da9601903b3aac3c0a,legacy_v1,,20260727,20260727,600698.SH,湖南天雁,,,,,,,,,7.08,,,,low_price_group,56.22,short_burst|t_active
legacy_v1,sig_7baddf652f4c6b9bd6a8442f,legacy_v1,,20260727,20260727,600726.SH,华电能源,,,,,,,,,6.25,,,,low_price_group,30.0,t_active
legacy_v1,sig_518341285a7cf5cc8dd0259d,legacy_v1,,20260727,20260727,600999.SH,招商证券,,,,,,,,,18.23,,,,mid_price_group,54.18,t_active|long_value
legacy_v1,sig_c5ca18b0b5b35d5df644cc1f,legacy_v1,,20260727,20260727,601857.SH,中国石油,,,,,,,,,10.9,,,,mid_price_group,52.44,t_active|long_value
legacy_v1,sig_fed10434589fe1a61b9fe3d3,legacy_v1,,20260728,20260728,000725.SZ,京东方A,,,,,,,,,5.58,,,,low_price_group,53.4,t_active|long_value
legacy_v1,sig_7265bb824b1ec9f6601884fa,legacy_v1,,20260728,20260728,002310.SZ,东方新能,,,,,,,,,2.65,,,,low_price_group,59.55,short_burst|t_active
legacy_v1,sig_2ac7c801f3b67181519948cc,legacy_v1,,20260728,20260728,002366.SZ,融发核电,,,,,,,,,5.75,,,,low_price_group,58.05,short_burst|t_active
legacy_v1,sig_fc288b07513557c3446ea655,legacy_v1,,20260728,20260728,002440.SZ,闰土股份,,,,,,,,,12.4,,,,mid_price_group,52.88,t_active|long_value
legacy_v1,sig_d7fdd9f1fde04ae910b27b79,legacy_v1,,20260728,20260728,002549.SZ,凯美特气,,,,,,,,,14.01,,,,mid_price_group,55.01,short_burst|t_active
legacy_v1,sig_c10f887476931440163360e2,legacy_v1,,20260728,20260728,002647.SZ,仁东控股,,,,,,,,,9.57,,,,low_price_group,52.03,short_burst|t_active
legacy_v1,sig_088dfd88b17439649675faeb,legacy_v1,,20260728,20260728,300293.SZ,蓝英装备,,,,,,,,,16.95,,,,mid_price_group,63.41,short_burst|t_active
legacy_v1,sig_d012839b36c5f2b72af6feac,legacy_v1,,20260728,20260728,600415.SH,小商品城,,,,,,,,,11.83,,,,mid_price_group,55.45,t_active|long_value
legacy_v1,sig_b2f43d77f2469062a21f3d67,legacy_v1,,20260728,20260728,600775.SH,南京熊猫,,,,,,,,,10.35,,,,mid_price_group,52.94,short_burst|t_active
legacy_v1,sig_c419c3f1c92aab53f159d686,legacy_v1,,20260728,20260728,600881.SH,亚泰集团,,,,,,,,,1.81,,,,low_price_group,54.38,short_burst|t_active
legacy_v1,sig_ef3c1c093c18aa82ff7e3cd2,legacy_v1,,20260729,20260729,000690.SZ,宝新能源,,,,,,,,,5.09,,,,low_price_group,54.01,short_burst|t_active
legacy_v1,sig_9f71048c52c9522da6a90153,legacy_v1,,20260729,20260729,002130.SZ,沃尔核材,,,,,,,,,16.48,,,,mid_price_group,81.2,short_burst|t_active|long_value
legacy_v1,sig_bfaf747f4674f462aaf4247b,legacy_v1,,20260729,20260729,002244.SZ,滨江集团,,,,,,,,,9.45,,,,low_price_group,51.77,t_active|long_value
legacy_v1,sig_7941b668afebcb548a0f5fe4,legacy_v1,,20260729,20260729,002602.SZ,世纪华通,,,,,,,,,13.55,,,,mid_price_group,59.95,t_active|long_value
legacy_v1,sig_6b9021564a6897b09a026fcf,legacy_v1,,20260729,20260729,002969.SZ,嘉美包装,,,,,,,,,13.14,,,,mid_price_group,64.41,short_burst|t_active
legacy_v1,sig_a9bdc6d6ae84f58fd57cb8ae,legacy_v1,,20260729,20260729,300328.SZ,宜安科技,,,,,,,,,12.33,,,,mid_price_group,61.32,short_burst|t_active
legacy_v1,sig_a5934925706cc8c5cacb1570,legacy_v1,,20260729,20260729,600326.SH,西藏天路,,,,,,,,,6.81,,,,low_price_group,55.78,short_burst|t_active
legacy_v1,sig_0f2c4a5d9f0ddd247a55797b,legacy_v1,,20260729,20260729,600352.SH,浙江龙盛,,,,,,,,,13.55,,,,mid_price_group,57.01,t_active|long_value
legacy_v1,sig_f3664ea7ec0f0d47b7275f27,legacy_v1,,20260729,20260729,600577.SH,精达股份,,,,,,,,,7.54,,,,low_price_group,41.5,t_active|long_value
legacy_v1,sig_d8763be9dd6d86fc8b36098d,legacy_v1,,20260729,20260729,600693.SH,东百集团,,,,,,,,,9.47,,,,low_price_group,60.11,short_burst|t_active
legacy_v1,sig_68432bafb41e1acd544d337d,legacy_v1,,20260730,20260730,000725.SZ,京东方A,,,,,,,,,5.36,,,,low_price_group,54.82,t_active|long_value
legacy_v1,sig_c32f9492a2ed8663cd19503a,legacy_v1,,20260730,20260730,000859.SZ,国风新材,,,,,,,,,8.37,,,,low_price_group,56.07,short_burst|t_active
legacy_v1,sig_6cc452bcfa461385d6b282ae,legacy_v1,,20260730,20260730,002585.SZ,双星新材,,,,,,,,,8.66,,,,low_price_group,55.91,short_burst|t_active
legacy_v1,sig_f057f8c87a8e1b9202a24f43,legacy_v1,,20260730,20260730,002602.SZ,世纪华通,,,,,,,,,13.19,,,,mid_price_group,55.95,t_active|long_value
legacy_v1,sig_c6d82f3d18d88f43af39057f,legacy_v1,,20260730,20260730,002703.SZ,浙江世宝,,,,,,,,,14.61,,,,mid_price_group,56.65,short_burst|t_active
legacy_v1,sig_8185dac5e3746ffc7e1e31f6,legacy_v1,,20260730,20260730,300170.SZ,汉得信息,,,,,,,,,15.07,,,,mid_price_group,76.87,short_burst|t_active|long_value
legacy_v1,sig_6f52635d0fb0418548131629,legacy_v1,,20260730,20260730,300981.SZ,中红医疗,,,,,,,,,14.18,,,,mid_price_group,65.6,short_burst|t_active
legacy_v1,sig_b5d5a83e8eb47d341245e025,legacy_v1,,20260730,20260730,600619.SH,海立股份,,,,,,,,,14.24,,,,mid_price_group,57.47,short_burst|t_active
legacy_v1,sig_ec0b91a2b5e6a4e2534d2c08,legacy_v1,,20260730,20260730,600733.SH,北汽蓝谷,,,,,,,,,5.96,,,,low_price_group,58.14,short_burst|t_active
legacy_v1,sig_6624d8a4c86b74ed12ddf8f2,legacy_v1,,20260730,20260730,603327.SH,福蓉科技,,,,,,,,,9.11,,,,low_price_group,55.04,short_burst|t_active
legacy_v1,sig_569ef51bfd3bdf027db1bd9b,legacy_v1,,20260731,20260731,000009.SZ,中国宝安,,,,,,,,,7.87,,,,low_price_group,61.46,short_burst|t_active
legacy_v1,sig_58c065ee10e70cd736ef8f59,legacy_v1,,20260731,20260731,002131.SZ,利欧股份,,,,,,,,,4.66,,,,low_price_group,60.45,short_burst|t_active
legacy_v1,sig_9e8b459e73cdc212164ab5d5,legacy_v1,,20260731,20260731,002400.SZ,省广集团,,,,,,,,,6.8,,,,low_price_group,60.69,short_burst|t_active
legacy_v1,sig_4f640b1e72ae97bdc2d66fcd,legacy_v1,,20260731,20260731,002555.SZ,三七互娱,,,,,,,,,19.91,,,,mid_price_group,82.58,short_burst|t_active|long_value
legacy_v1,sig_02afc77ae92fec379c037e42,legacy_v1,,20260731,20260731,300017.SZ,网宿科技,,,,,,,,,14.03,,,,mid_price_group,92.98,short_burst|t_active|long_value
legacy_v1,sig_b92bb8a7985a51ad49190ebd,legacy_v1,,20260731,20260731,300166.SZ,东方国信,,,,,,,,,13.23,,,,mid_price_group,61.89,short_burst|t_active
legacy_v1,sig_caf7eece83e75335b7643bb8,legacy_v1,,20260731,20260731,300170.SZ,汉得信息,,,,,,,,,16.65,,,,mid_price_group,63.8,short_burst|t_active
legacy_v1,sig_430d58d5afb3d8233d2d768c,legacy_v1,,20260731,20260731,300182.SZ,捷成股份,,,,,,,,,5.1,,,,low_price_group,63.72,short_burst|t_active
legacy_v1,sig_b9ed9e19a640038d464626cc,legacy_v1,,20260731,20260731,300244.SZ,迪安诊断,,,,,,,,,18.25,,,,mid_price_group,61.14,short_burst|t_active
legacy_v1,sig_4d5bb665d809f6a74c2149cd,legacy_v1,,20260731,20260731,300525.SZ,博思软件,,,,,,,,,9.36,,,,low_price_group,61.21,short_burst|t_active
legacy_v1,sig_9ef141b254418a89243363d7,legacy_v1,,20260803,20260803,000683.SZ,博源化工,,,,,,,,,6.11,,,,low_price_group,46.58,t_active|long_value
legacy_v1,sig_449a2ece85bdbe3b6a01b361,legacy_v1,,20260803,20260803,000818.SZ,航锦科技,,,,,,,,,13.4,,,,mid_price_group,54.1,short_burst|t_active
legacy_v1,sig_a439be209a4c126c347c9aef,legacy_v1,,20260803,20260803,001696.SZ,宗申动力,,,,,,,,,15.14,,,,mid_price_group,58.55,short_burst|t_active
legacy_v1,sig_8f54c55bdee96ace9c4ca72b,legacy_v1,,20260803,20260803,002027.SZ,分众传媒,,,,,,,,,5.34,,,,low_price_group,53.94,t_active|long_value
legacy_v1,sig_e87250fb883eedf6efd2536f,legacy_v1,,20260803,20260803,002031.SZ,巨轮智能,,,,,,,,,5.21,,,,low_price_group,54.33,short_burst|t_active
legacy_v1,sig_97624036042ed7e553f327f4,legacy_v1,,20260803,20260803,002410.SZ,广联达,,,,,,,,,9.77,,,,low_price_group,42.94,t_active|long_value
legacy_v1,sig_96a348ef08aa019ea4779aa1,legacy_v1,,20260803,20260803,002602.SZ,世纪华通,,,,,,,,,13.82,,,,mid_price_group,54.99,t_active|long_value
legacy_v1,sig_73737692fb27efc1e5abed6d,legacy_v1,,20260803,20260803,002639.SZ,雪人集团,,,,,,,,,12.61,,,,mid_price_group,54.08,short_burst|t_active
legacy_v1,sig_3922e0c09e91ada361ba862e,legacy_v1,,20260803,20260803,300963.SZ,中洲特材,,,,,,,,,12.71,,,,mid_price_group,55.06,short_burst|t_active
legacy_v1,sig_64b4b3d89c4e03169f24dedb,legacy_v1,,20260803,20260803,600577.SH,精达股份,,,,,,,,,8.09,,,,low_price_group,41.87,t_active|long_value
legacy_v1,sig_90cbfe8cf95d4b9f77655db5,legacy_v1,,20260804,20260804,000967.SZ,盈峰环境,,,,,,,,,9.09,,,,low_price_group,63.03,short_burst|t_active
legacy_v1,sig_4965a2d48db08ae3cbfd531f,legacy_v1,,20260804,20260804,000981.SZ,山子高科,,,,,,,,,2.88,,,,low_price_group,61.51,short_burst|t_active
legacy_v1,sig_950e79ca866b9538e470fc6d,legacy_v1,,20260804,20260804,002366.SZ,融发核电,,,,,,,,,6.44,,,,low_price_group,54.92,short_burst|t_active
legacy_v1,sig_fb4aaa92cbb5e8140501db27,legacy_v1,,20260804,20260804,002438.SZ,江苏神通,,,,,,,,,14.5,,,,mid_price_group,80.31,short_burst|t_active|long_value
legacy_v1,sig_be3d48a0b318579930a14908,legacy_v1,,20260804,20260804,300229.SZ,拓尔思,,,,,,,,,15.81,,,,mid_price_group,62.7,short_burst|t_active
legacy_v1,sig_ab642668488a4aa7f8b07dec,legacy_v1,,20260804,20260804,300358.SZ,楚天科技,,,,,,,,,9.15,,,,low_price_group,56.57,short_burst|t_active
legacy_v1,sig_9b9e5ea4c8515ec63032375d,legacy_v1,,20260804,20260804,300363.SZ,博腾股份,,,,,,,,,17.73,,,,mid_price_group,63.1,short_burst|t_active
legacy_v1,sig_6f9efcf11f539bdd4a351bba,legacy_v1,,20260804,20260804,600267.SH,海正药业,,,,,,,,,12.15,,,,mid_price_group,71.97,short_burst|t_active|long_value
legacy_v1,sig_39b8d06b6929e9602bc955a4,legacy_v1,,20260804,20260804,600468.SH,百利电气,,,,,,,,,6.72,,,,low_price_group,55.81,short_burst|t_active
legacy_v1,sig_e52e4f3bad5a531c4173d7c3,legacy_v1,,20260804,20260804,601611.SH,中国核建,,,,,,,,,12.12,,,,mid_price_group,57.25,short_burst|t_active
legacy_v1,sig_638afa6f73b1c347b88eacd3,legacy_v1,,20260805,20260805,000725.SZ,京东方A,,,,,,,,,5.97,,,,low_price_group,55.36,t_active|long_value
legacy_v1,sig_86073823748de26b9c8e23a7,legacy_v1,,20260805,20260805,000967.SZ,盈峰环境,,,,,,,,,9.47,,,,low_price_group,58.24,short_burst|t_active
legacy_v1,sig_e499c8678680045cb555104a,legacy_v1,,20260805,20260805,002181.SZ,粤传媒,,,,,,,,,9.87,,,,low_price_group,61.93,short_burst|t_active
legacy_v1,sig_898d5ea654d99c98d59af3a0,legacy_v1,,20260805,20260805,002348.SZ,高乐股份,,,,,,,,,12.12,,,,mid_price_group,64.07,short_burst|t_active
legacy_v1,sig_d5a133f84116b5d8b854d3aa,legacy_v1,,20260805,20260805,002438.SZ,江苏神通,,,,,,,,,15.29,,,,mid_price_group,76.54,short_burst|t_active|long_value
legacy_v1,sig_5c8846f44a4571bfb43bc0f6,legacy_v1,,20260805,20260805,002607.SZ,中公教育,,,,,,,,,2.35,,,,low_price_group,62.39,short_burst|t_active
legacy_v1,sig_74eee7470cb775a1c4704a4c,legacy_v1,,20260805,20260805,600397.SH,江钨装备,,,,,,,,,15.35,,,,mid_price_group,57.87,short_burst|t_active
legacy_v1,sig_f68dc1bcc7420437a5f8238b,legacy_v1,,20260805,20260805,600556.SH,天下秀,,,,,,,,,5.54,,,,low_price_group,56.52,short_burst|t_active
legacy_v1,sig_96880d9fb720d762d8c8bd4b,legacy_v1,,20260805,20260805,600711.SH,盛屯矿业,,,,,,,,,11.52,,,,mid_price_group,57.16,t_active|long_value
legacy_v1,sig_17f5a194185fd9943ccf96b0,legacy_v1,,20260805,20260805,601611.SH,中国核建,,,,,,,,,12.7,,,,mid_price_group,56.37,short_burst|t_active
legacy_v1,sig_50bc0d3c185b17d6d5657de5,legacy_v1,,20260806,20260806,000725.SZ,京东方A,,,,,,,,,5.96,,,,low_price_group,52.8,t_active|long_value
legacy_v1,sig_0bf04105a6552f4541e441e0,legacy_v1,,20260806,20260806,002413.SZ,雷科防务,,,,,,,,,8.69,,,,low_price_group,57.04,short_burst|t_active
legacy_v1,sig_7f614081278c53acc18ede6b,legacy_v1,,20260806,20260806,002565.SZ,顺灏股份,,,,,,,,,9.88,,,,low_price_group,58.25,short_burst|t_active
legacy_v1,sig_1a8b7c254d5ca9a5b79e3996,legacy_v1,,20260806,20260806,002649.SZ,博彦科技,,,,,,,,,11.29,,,,mid_price_group,53.94,short_burst|t_active
legacy_v1,sig_5cab15ca87ca68faf677d7a4,legacy_v1,,20260806,20260806,002734.SZ,利民股份,,,,,,,,,16.15,,,,mid_price_group,55.56,short_burst|t_active
legacy_v1,sig_d6c95fe2bb7f2d17e7322278,legacy_v1,,20260806,20260806,300134.SZ,大富科技,,,,,,,,,9.59,,,,low_price_group,61.35,short_burst|t_active
legacy_v1,sig_75ffadc954bb6843dc31cad4,legacy_v1,,20260806,20260806,300322.SZ,硕贝德,,,,,,,,,19.2,,,,mid_price_group,57.32,short_burst|t_active
legacy_v1,sig_370595602ef394134871feea,legacy_v1,,20260806,20260806,600121.SH,郑州煤电,,,,,,,,,4.26,,,,low_price_group,55.02,short_burst|t_active
legacy_v1,sig_cdd10513ee78289217700247,legacy_v1,,20260806,20260806,600711.SH,盛屯矿业,,,,,,,,,11.4,,,,mid_price_group,56.89,t_active|long_value
legacy_v1,sig_10e2b5d0c212642bc4607a0d,legacy_v1,,20260806,20260806,601898.SH,中煤能源,,,,,,,,,14.2,,,,mid_price_group,57.39,t_active|long_value
legacy_v1,sig_548b61477d66fe19e662dadf,legacy_v1,,20260807,20260807,000725.SZ,京东方A,,,,,,,,,6.07,,,,low_price_group,52.69,t_active|long_value
legacy_v1,sig_11c27eb8a9833c94aa381340,legacy_v1,,20260807,20260807,002413.SZ,雷科防务,,,,,,,,,9.17,,,,low_price_group,60.49,short_burst|t_active
legacy_v1,sig_20dd3926fa2198a736238717,legacy_v1,,20260807,20260807,002437.SZ,誉衡药业,,,,,,,,,3.12,,,,low_price_group,59.74,short_burst|t_active
legacy_v1,sig_2c39f75579398cc4913f5065,legacy_v1,,20260807,20260807,002698.SZ,博实股份,,,,,,,,,13.68,,,,mid_price_group,85.64,short_burst|t_active|long_value
legacy_v1,sig_dc193eca0fdc10c6e5dfa6b7,legacy_v1,,20260807,20260807,003040.SZ,楚天龙,,,,,,,,,13.1,,,,mid_price_group,57.79,short_burst|t_active
legacy_v1,sig_b83e6ae3eaaf2ac641b37b23,legacy_v1,,20260807,20260807,300039.SZ,上海凯宝,,,,,,,,,5.96,,,,low_price_group,52.5,short_burst|t_active
legacy_v1,sig_e8551ffdc1030ba72a9921c3,legacy_v1,,20260807,20260807,300142.SZ,沃森生物,,,,,,,,,13.14,,,,mid_price_group,59.59,short_burst|t_active
legacy_v1,sig_7745b42d075f25eaa09777b0,legacy_v1,,20260807,20260807,300409.SZ,道氏技术,,,,,,,,,19.27,,,,mid_price_group,77.62,short_burst|t_active|long_value
legacy_v1,sig_4cf560cd170702a3003ee581,legacy_v1,,20260807,20260807,600127.SH,金健米业,,,,,,,,,6.32,,,,low_price_group,53.32,short_burst|t_active
legacy_v1,sig_b5cc59e0d1170378292a2093,legacy_v1,,20260807,20260807,603456.SH,九洲药业,,,,,,,,,16.45,,,,mid_price_group,81.72,short_burst|t_active|long_value
legacy_v1,sig_263cf90c6e98f8d5ca792afd,legacy_v1,,20260810,20260810,000725.SZ,京东方A,,,,,,,,,5.89,,,,low_price_group,52.47,t_active|long_value
legacy_v1,sig_2cedcfa0aaad5b19fe79fc08,legacy_v1,,20260810,20260810,000973.SZ,佛塑科技,,,,,,,,,13.68,,,,mid_price_group,61.0,short_burst|t_active
legacy_v1,sig_d95a0b8e57ced63e5839c980,legacy_v1,,20260810,20260810,002589.SZ,瑞康医药,,,,,,,,,3.34,,,,low_price_group,52.6,short_burst|t_active
legacy_v1,sig_d457da9062d71b6c7b3bd54c,legacy_v1,,20260810,20260810,002739.SZ,儒意电影,,,,,,,,,9.93,,,,low_price_group,62.57,short_burst|t_active
legacy_v1,sig_f4978459e8cfa5c023359af5,legacy_v1,,20260810,20260810,002783.SZ,凯龙股份,,,,,,,,,8.21,,,,low_price_group,34.48,short_burst
legacy_v1,sig_9b40e35e9575b19c5e3a5fff,legacy_v1,,20260810,20260810,300015.SZ,爱尔眼科,,,,,,,,,9.07,,,,low_price_group,51.86,t_active|long_value
legacy_v1,sig_8c8a27e99f12cdc777b9bb0a,legacy_v1,,20260810,20260810,600267.SH,海正药业,,,,,,,,,14.24,,,,mid_price_group,80.84,short_burst|t_active|long_value
legacy_v1,sig_73ed5ae80e59df88102153b9,legacy_v1,,20260810,20260810,600352.SH,浙江龙盛,,,,,,,,,13.99,,,,mid_price_group,54.46,t_active|long_value
legacy_v1,sig_168041304a83ef0b2ad2afcd,legacy_v1,,20260810,20260810,600711.SH,盛屯矿业,,,,,,,,,12.74,,,,mid_price_group,60.53,t_active|long_value
legacy_v1,sig_cfa8a763d235281c9c7b67c9,legacy_v1,,20260810,20260810,603328.SH,依顿电子,,,,,,,,,11.42,,,,mid_price_group,81.54,short_burst|t_active|long_value
legacy_v1,sig_a6af67275ee25188475c8054,legacy_v1,,20260811,20260811,000100.SZ,TCL科技,,,,,,,,,5.0,,,,low_price_group,56.39,t_active|long_value
legacy_v1,sig_c94f381669aa9d1b5a94bb5d,legacy_v1,,20260811,20260811,000537.SZ,绿发电力,,,,,,,,,8.77,,,,low_price_group,56.78,short_burst|t_active
legacy_v1,sig_34132128be1ec695b77c8bf6,legacy_v1,,20260811,20260811,000859.SZ,国风新材,,,,,,,,,10.48,,,,mid_price_group,57.45,short_burst|t_active
legacy_v1,sig_e0ef8750fd809015deae561a,legacy_v1,,20260811,20260811,002251.SZ,步步高,,,,,,,,,3.89,,,,low_price_group,56.96,short_burst|t_active
legacy_v1,sig_717982e6e6657003a8e52cc7,legacy_v1,,20260811,20260811,002379.SZ,宏桥控股,,,,,,,,,19.4,,,,mid_price_group,55.19,t_active|long_value
legacy_v1,sig_dee38b74aa27e65f706c297c,legacy_v1,,20260811,20260811,002727.SZ,一心堂,,,,,,,,,12.67,,,,mid_price_group,58.52,short_burst|t_active
legacy_v1,sig_269b90aa07848b5544008a6c,legacy_v1,,20260811,20260811,300158.SZ,振东制药,,,,,,,,,6.01,,,,low_price_group,64.04,short_burst|t_active
legacy_v1,sig_5f8a963922c3e4c9d11f8980,legacy_v1,,20260811,20260811,600711.SH,盛屯矿业,,,,,,,,,12.4,,,,mid_price_group,56.0,t_active|long_value
legacy_v1,sig_e96026f783b5781938305268,legacy_v1,,20260811,20260811,603993.SH,洛阳钼业,,,,,,,,,19.13,,,,mid_price_group,58.87,t_active|long_value
legacy_v1,sig_42ac77b9b6eb4c4d19ec04ba,legacy_v1,,20260811,20260811,688469.SH,芯联集成,,,,,,,,,9.17,,,,low_price_group,56.94,short_burst|t_active
legacy_v1,sig_981b76b2c29ff73da83a828d,legacy_v1,,20260812,20260812,000837.SZ,秦川机床,,,,,,,,,11.2,,,,mid_price_group,52.1,short_burst|t_active
legacy_v1,sig_0c523873dac3b6aeef309b56,legacy_v1,,20260812,20260812,002244.SZ,滨江集团,,,,,,,,,9.53,,,,low_price_group,52.84,t_active|long_value
legacy_v1,sig_cd79db684d867cb8a8445acf,legacy_v1,,20260812,20260812,002685.SZ,华东重机,,,,,,,,,6.21,,,,low_price_group,51.72,short_burst|t_active
legacy_v1,sig_3f1abf04bf76a0aa90eb7f3c,legacy_v1,,20260812,20260812,300017.SZ,网宿科技,,,,,,,,,14.64,,,,mid_price_group,51.75,t_active|long_value
legacy_v1,sig_4a9ae4cff9ad9d96611515e3,legacy_v1,,20260812,20260812,300119.SZ,瑞普生物,,,,,,,,,19.84,,,,mid_price_group,59.71,short_burst|t_active
legacy_v1,sig_bcdfed3bb5c2896391197995,legacy_v1,,20260812,20260812,300197.SZ,节能铁汉,,,,,,,,,2.3,,,,low_price_group,61.63,short_burst|t_active
legacy_v1,sig_01dc12c19d8733b05a3af481,legacy_v1,,20260812,20260812,600216.SH,浙江医药,,,,,,,,,13.77,,,,mid_price_group,84.4,short_burst|t_active|long_value
legacy_v1,sig_443a1f8b12460364d3cfb837,legacy_v1,,20260812,20260812,600352.SH,浙江龙盛,,,,,,,,,13.7,,,,mid_price_group,51.48,t_active|long_value
legacy_v1,sig_c2607db9261f100d1455f2e4,legacy_v1,,20260812,20260812,600572.SH,康恩贝,,,,,,,,,4.75,,,,low_price_group,81.72,short_burst|t_active|long_value
legacy_v1,sig_7bfbc0de7aef800655a1e2be,legacy_v1,,20260812,20260812,600881.SH,亚泰集团,,,,,,,,,2.06,,,,low_price_group,59.93,short_burst|t_active
legacy_v1,sig_a0ddded97b03a5fb4ae256f5,legacy_v1,,20260813,20260813,002015.SZ,协鑫能科,,,,,,,,,16.44,,,,mid_price_group,60.24,short_burst|t_active
legacy_v1,sig_8b110453c2ec20b16cdd2ef4,legacy_v1,,20260813,20260813,002023.SZ,海特高新,,,,,,,,,10.77,,,,mid_price_group,55.37,short_burst|t_active
legacy_v1,sig_e40e4c7e73ccd568d246abb4,legacy_v1,,20260813,20260813,300026.SZ,红日药业,,,,,,,,,3.76,,,,low_price_group,61.43,short_burst|t_active
legacy_v1,sig_7c98aabddac68b669d7d3917,legacy_v1,,20260813,20260813,600578.SH,京能电力,,,,,,,,,6.59,,,,low_price_group,61.03,short_burst|t_active
legacy_v1,sig_335420baed044b8c49bf7a1a,legacy_v1,,20260813,20260813,600711.SH,盛屯矿业,,,,,,,,,11.85,,,,mid_price_group,54.05,t_active|long_value
legacy_v1,sig_ebe5c909ba82323fa312f2b6,legacy_v1,,20260813,20260813,600868.SH,梅雁吉祥,,,,,,,,,3.12,,,,low_price_group,59.44,short_burst|t_active
legacy_v1,sig_9422efc623ff86ff9034d319,legacy_v1,,20260813,20260813,601108.SH,财通证券,,,,,,,,,8.98,,,,low_price_group,64.84,short_burst|t_active
legacy_v1,sig_8d985b2ec9faf133642020c2,legacy_v1,,20260813,20260813,601991.SH,大唐发电,,,,,,,,,6.92,,,,low_price_group,62.03,short_burst|t_active
legacy_v1,sig_3dbde3a64038f96326762b48,legacy_v1,,20260813,20260813,603191.SH,望变电气,,,,,,,,,16.94,,,,mid_price_group,61.98,short_burst|t_active
legacy_v1,sig_ee2081637130442d35396af9,legacy_v1,,20260813,20260813,603456.SH,九洲药业,,,,,,,,,18.26,,,,mid_price_group,55.67,t_active|long_value
legacy_v1,sig_e0e929c4a841a8ee83949b30,legacy_v1,,20260814,20260814,000620.SZ,盈新发展,,,,,,,,,3.03,,,,low_price_group,63.14,short_burst|t_active
legacy_v1,sig_541773f33f45423406f72987,legacy_v1,,20260814,20260814,000917.SZ,电广传媒,,,,,,,,,7.73,,,,low_price_group,50.11,short_burst|t_active
legacy_v1,sig_1242efbcdfb1b401849e8b3a,legacy_v1,,20260814,20260814,002467.SZ,二六三,,,,,,,,,5.13,,,,low_price_group,59.06,short_burst|t_active
legacy_v1,sig_babc80e0952c44b8ef1f88ff,legacy_v1,,20260814,20260814,002517.SZ,恺英网络,,,,,,,,,18.3,,,,mid_price_group,53.0,t_active|long_value
legacy_v1,sig_1c995942419fed6034126b0d,legacy_v1,,20260814,20260814,002602.SZ,世纪华通,,,,,,,,,14.6,,,,mid_price_group,55.6,t_active|long_value
legacy_v1,sig_1970cb8b7711fa1f584d1dc3,legacy_v1,,20260814,20260814,300004.SZ,南风股份,,,,,,,,,8.91,,,,low_price_group,55.57,short_burst|t_active
legacy_v1,sig_b5ee1b24b7463096cc1835b5,legacy_v1,,20260814,20260814,300017.SZ,网宿科技,,,,,,,,,17.33,,,,mid_price_group,58.45,t_active|long_value
legacy_v1,sig_a7ce49a1c0febad4a17d728b,legacy_v1,,20260814,20260814,601579.SH,会稽山,,,,,,,,,18.68,,,,mid_price_group,58.47,short_burst|t_active
legacy_v1,sig_a67ddf01973ce191ca248d87,legacy_v1,,20260814,20260814,601890.SH,亚星锚链,,,,,,,,,9.18,,,,low_price_group,63.34,short_burst|t_active
legacy_v1,sig_add45384400f69ec3eb42d69,legacy_v1,,20260814,20260814,603803.SH,瑞斯康达,,,,,,,,,11.14,,,,mid_price_group,53.17,short_burst|t_active
legacy_v1,sig_84d0078356935d138889611f,legacy_v1,,20260817,20260817,000620.SZ,盈新发展,,,,,,,,,3.1,,,,low_price_group,54.74,short_burst|t_active
legacy_v1,sig_f5934ea4c0a1d7976f1444c6,legacy_v1,,20260817,20260817,000670.SZ,盈方微,,,,,,,,,7.54,,,,low_price_group,58.17,short_burst|t_active
legacy_v1,sig_a43dbf9027fe5f1632b8c771,legacy_v1,,20260817,20260817,000725.SZ,京东方A,,,,,,,,,6.08,,,,low_price_group,53.14,t_active|long_value
legacy_v1,sig_0deaf1dfba09bd18d1bf5021,legacy_v1,,20260817,20260817,002668.SZ,TCL智家,,,,,,,,,10.82,,,,mid_price_group,81.18,short_burst|t_active|long_value
legacy_v1,sig_5cacffb71361dcc5ed7779ce,legacy_v1,,20260817,20260817,300012.SZ,华测检测,,,,,,,,,15.22,,,,mid_price_group,85.17,short_burst|t_active|long_value
legacy_v1,sig_5c7098089ecc3a576da5d6e0,legacy_v1,,20260817,20260817,301127.SZ,武汉天源,,,,,,,,,18.14,,,,mid_price_group,63.32,short_burst|t_active
legacy_v1,sig_1140e3e015731929aae99ad9,legacy_v1,,20260817,20260817,600198.SH,大唐电信,,,,,,,,,8.1,,,,low_price_group,50.4,short_burst|t_active
legacy_v1,sig_f4ee813f15a290e494ccd07f,legacy_v1,,20260817,20260817,600222.SH,太龙药业,,,,,,,,,8.95,,,,low_price_group,58.18,short_burst|t_active
legacy_v1,sig_04040f542699f799a625223f,legacy_v1,,20260817,20260817,601609.SH,金田股份,,,,,,,,,11.71,,,,mid_price_group,60.28,short_burst|t_active
legacy_v1,sig_3cb261028548cb3f0abee537,legacy_v1,,20260817,20260817,603758.SH,秦安股份,,,,,,,,,14.22,,,,mid_price_group,61.9,short_burst|t_active
legacy_v1,sig_60f4819ed3b2c82952e0bc0f,legacy_v1,,20260818,20260818,000158.SZ,常山北明,,,,,,,,,14.07,,,,mid_price_group,63.07,short_burst|t_active
legacy_v1,sig_da09c2fa40ed49d50fde0d08,legacy_v1,,20260818,20260818,000505.SZ,京粮控股,,,,,,,,,6.79,,,,low_price_group,61.95,short_burst|t_active
legacy_v1,sig_4cff5327cb6fc7ac567a12e8,legacy_v1,,20260818,20260818,000725.SZ,京东方A,,,,,,,,,6.47,,,,low_price_group,87.34,short_burst|t_active|long_value
legacy_v1,sig_f1121f1b9b521d3af765bea1,legacy_v1,,20260818,20260818,000998.SZ,隆平高科,,,,,,,,,9.22,,,,low_price_group,66.68,short_burst|t_active
legacy_v1,sig_80eba0eae2ff1a18ecf002fd,legacy_v1,,20260818,20260818,002385.SZ,大北农,,,,,,,,,3.38,,,,low_price_group,65.41,short_burst|t_active
legacy_v1,sig_836be75096ffc705fcfaa9e2,legacy_v1,,20260818,20260818,002611.SZ,东方精工,,,,,,,,,16.35,,,,mid_price_group,76.54,short_burst|t_active|long_value
legacy_v1,sig_025c9fbbf98d5905db12dcbe,legacy_v1,,20260818,20260818,002815.SZ,崇达技术,,,,,,,,,14.43,,,,mid_price_group,60.28,short_burst|t_active
legacy_v1,sig_280df2bb7247692a67f1655f,legacy_v1,,20260818,20260818,600577.SH,精达股份,,,,,,,,,8.63,,,,low_price_group,81.49,short_burst|t_active|long_value
legacy_v1,sig_608463c237091dbdd6e7451d,legacy_v1,,20260818,20260818,600598.SH,北大荒,,,,,,,,,13.46,,,,mid_price_group,92.7,short_burst|t_active|long_value
legacy_v1,sig_dade4ff8ae5d734507e6a0ef,legacy_v1,,20260818,20260818,600707.SH,彩虹股份,,,,,,,,,10.8,,,,mid_price_group,64.66,short_burst|t_active
legacy_v1,sig_78d1aced6423d354f7195ac4,legacy_v1,,20260819,20260819,000523.SZ,红棉股份,,,,,,,,,3.21,,,,low_price_group,55.63,short_burst|t_active
legacy_v1,sig_155db77cc052e40b10e90d24,legacy_v1,,20260819,20260819,000703.SZ,恒逸石化,,,,,,,,,19.08,,,,mid_price_group,56.56,t_active|long_value
legacy_v1,sig_e80211282f4cebe3b4a27fd1,legacy_v1,,20260819,20260819,000725.SZ,京东方A,,,,,,,,,6.01,,,,low_price_group,54.5,t_active|long_value
legacy_v1,sig_bc8f9e2bf19567ac674397fb,legacy_v1,,20260819,20260819,002668.SZ,TCL智家,,,,,,,,,8.88,,,,low_price_group,46.7,t_active|long_value
legacy_v1,sig_f5ab543a88d376ab684bf38b,legacy_v1,,20260819,20260819,300035.SZ,中科电气,,,,,,,,,14.69,,,,mid_price_group,64.64,short_burst|t_active
legacy_v1,sig_f1cd2e3a95cfb39b6343ab50,legacy_v1,,20260819,20260819,301211.SZ,亨迪药业,,,,,,,,,14.54,,,,mid_price_group,59.08,short_burst|t_active
legacy_v1,sig_10aad36c9a6d75c42627467f,legacy_v1,,20260819,20260819,600121.SH,郑州煤电,,,,,,,,,4.17,,,,low_price_group,52.09,short_burst|t_active
legacy_v1,sig_109ff72bc755199d10dd0239,legacy_v1,,20260819,20260819,600598.SH,北大荒,,,,,,,,,13.86,,,,mid_price_group,90.78,short_burst|t_active|long_value
legacy_v1,sig_57483706f2e3d560c893a332,legacy_v1,,20260819,20260819,601015.SH,陕西黑猫,,,,,,,,,3.71,,,,low_price_group,56.22,short_burst|t_active
legacy_v1,sig_fb5a8ec0e2ea1976bad80d54,legacy_v1,,20260819,20260819,601609.SH,金田股份,,,,,,,,,12.95,,,,mid_price_group,63.47,short_burst|t_active
legacy_v1,sig_ac0839e3982d6d3c94380b68,legacy_v1,,20260820,20260820,002202.SZ,金风科技,,,,,,,,,19.84,,,,mid_price_group,54.54,t_active|long_value
legacy_v1,sig_937b4edcd3d60ff66721ec6a,legacy_v1,,20260820,20260820,300171.SZ,东富龙,,,,,,,,,14.9,,,,mid_price_group,60.99,short_burst|t_active
legacy_v1,sig_692d8765968862708cdae540,legacy_v1,,20260820,20260820,300358.SZ,楚天科技,,,,,,,,,9.25,,,,low_price_group,54.76,short_burst|t_active
legacy_v1,sig_3b52c670c9106b94aa2d2c4b,legacy_v1,,20260820,20260820,300601.SZ,康泰生物,,,,,,,,,14.47,,,,mid_price_group,65.88,short_burst|t_active
legacy_v1,sig_c5df5f838d870441c084112d,legacy_v1,,20260820,20260820,600598.SH,北大荒,,,,,,,,,13.31,,,,mid_price_group,55.48,t_active|long_value
legacy_v1,sig_407a770cd5d7af9e21c03c64,legacy_v1,,20260820,20260820,600610.SH,中毅达,,,,,,,,,8.02,,,,low_price_group,55.02,short_burst|t_active
legacy_v1,sig_99c77bc029cfb95d9d2ff20c,legacy_v1,,20260820,20260820,600649.SH,城投控股,,,,,,,,,4.16,,,,low_price_group,57.65,short_burst|t_active
legacy_v1,sig_adbe04efac060ccbd9ee337a,legacy_v1,,20260820,20260820,600711.SH,盛屯矿业,,,,,,,,,11.64,,,,mid_price_group,54.61,t_active|long_value
legacy_v1,sig_d417c4d27103f502456b7f7a,legacy_v1,,20260820,20260820,601600.SH,中国铝业,,,,,,,,,9.17,,,,low_price_group,50.5,t_active|long_value
legacy_v1,sig_533cb74458b6e590a2ed2eb3,legacy_v1,,20260820,20260820,603123.SH,翠微股份,,,,,,,,,9.23,,,,low_price_group,56.91,short_burst|t_active
legacy_v1,sig_c4a8935536bfdc89ff10fcc9,legacy_v1,,20260821,20260821,000786.SZ,北新建材,,,,,,,,,16.98,,,,mid_price_group,52.75,t_active|long_value
legacy_v1,sig_aaa3971f9e1c584e494ac3ff,legacy_v1,,20260821,20260821,300017.SZ,网宿科技,,,,,,,,,15.54,,,,mid_price_group,51.12,t_active|long_value
legacy_v1,sig_a7be20523d41678e1e85ff53,legacy_v1,,20260821,20260821,300180.SZ,华峰超纤,,,,,,,,,4.53,,,,low_price_group,63.74,short_burst|t_active
legacy_v1,sig_50caa2ad59ad78755a59d5a5,legacy_v1,,20260821,20260821,300221.SZ,银禧科技,,,,,,,,,14.4,,,,mid_price_group,54.45,short_burst|t_active
legacy_v1,sig_3590255f82b5b690eb3845a4,legacy_v1,,20260821,20260821,300773.SZ,拉卡拉,,,,,,,,,15.41,,,,mid_price_group,83.95,short_burst|t_active|long_value
legacy_v1,sig_3eb3104f0793e67756a40856,legacy_v1,,20260821,20260821,600577.SH,精达股份,,,,,,,,,8.66,,,,low_price_group,50.0,t_active|long_value
legacy_v1,sig_1b6a71e4c12724d30514e105,legacy_v1,,20260821,20260821,600711.SH,盛屯矿业,,,,,,,,,12.1,,,,mid_price_group,53.42,t_active|long_value
legacy_v1,sig_abcf9b3247dd3f27cdd4cff8,legacy_v1,,20260821,20260821,600916.SH,中国黄金,,,,,,,,,8.14,,,,low_price_group,51.87,short_burst|t_active
legacy_v1,sig_55ac4fc581059c79e1cc56c8,legacy_v1,,20260821,20260821,603123.SH,翠微股份,,,,,,,,,9.46,,,,low_price_group,50.18,short_burst|t_active
legacy_v1,sig_297c5bc78d872d6b994eaf9b,legacy_v1,,20260821,20260821,603327.SH,福蓉科技,,,,,,,,,9.33,,,,low_price_group,49.7,short_burst|t_active
recommend_signal_v2,sig_8dd1ce384c44594a49366545,recommend_v2,2026-08-24T22:23:39+00:00,20260824,20260824,300328.SZ,宜安科技,小金属,40.0,35.0,23.38,98.38,normal,,16.25,16.58,preferred,1,74aa4686e69d,unified,98.38,short_momentum|close_quality|volume_funds
recommend_signal_v2,sig_7d11b6153abfa4f4f385957e,recommend_v2,2026-08-24T22:23:39+00:00,20260824,20260824,002274.SZ,华昌化工,农药化肥,38.68,35.0,20.94,94.62,normal,,6.03,6.15,preferred,2,74aa4686e69d,unified,94.62,short_momentum|close_quality|volume_funds
recommend_signal_v2,sig_33fda4359ae0e904472c8577,recommend_v2,2026-08-24T22:23:39+00:00,20260824,20260824,601101.SH,昊华能源,煤炭开采,40.0,35.0,17.97,92.97,normal,,13.24,13.51,preferred,3,74aa4686e69d,unified,92.97,short_momentum|close_quality|volume_funds
recommend_signal_v2,sig_d1b2c29a31d8f3473c9b3866,recommend_v2,2026-08-24T22:23:39+00:00,20260824,20260824,688596.SH,正帆科技,专用机械,40.0,33.99,21.53,95.52,normal,,69.73,71.15,none,4,74aa4686e69d,unified,95.52,short_momentum|close_quality|volume_funds
recommend_signal_v2,sig_ce93503d2c2cef34bacb3e02,recommend_v2,2026-08-24T22:23:39+00:00,20260824,20260824,300864.SZ,南大环境,环境保护,40.0,34.28,20.75,95.03,normal,,25.18,25.69,none,5,74aa4686e69d,unified,95.03,short_momentum|close_quality|volume_funds
recommend_signal_v2,sig_201cd4d01fc2aad1a107a2fc,recommend_v2,2026-08-25T22:24:34+00:00,20260825,20260825,300358.SZ,楚天科技,医疗保健,40.0,33.65,21.82,95.47,normal,,9.11,9.3,preferred,1,74aa4686e69d,unified,95.47,short_momentum|close_quality|volume_funds
recommend_signal_v2,sig_32ef07025d35e2249534eb7e,recommend_v2,2026-08-25T22:24:34+00:00,20260825,20260825,002274.SZ,华昌化工,农药化肥,36.59,35.0,22.34,93.93,normal,,6.34,6.47,preferred,2,74aa4686e69d,unified,93.93,short_momentum|close_quality|volume_funds
recommend_signal_v2,sig_498e3810bf44b9c441b2bf3f,recommend_v2,2026-08-25T22:24:34+00:00,20260825,20260825,002589.SZ,瑞康医药,医药商业,40.0,34.59,19.33,93.92,normal,,3.18,3.24,preferred,3,74aa4686e69d,unified,93.92,short_momentum|close_quality|volume_funds
recommend_signal_v2,sig_78e250cad5afa4f72611fb4f,recommend_v2,2026-08-25T22:24:34+00:00,20260825,20260825,002329.SZ,皇氏集团,乳制品,40.0,34.87,18.05,92.92,normal,,3.83,3.91,preferred,4,74aa4686e69d,unified,92.92,short_momentum|close_quality|volume_funds
recommend_signal_v2,sig_ff1900108bce5b0dcd49587d,recommend_v2,2026-08-25T22:24:34+00:00,20260825,20260825,002640.SZ,跨境通,互联网,37.53,35.0,20.36,92.89,normal,,3.25,3.32,preferred,5,74aa4686e69d,unified,92.89,short_momentum|close_quality|volume_funds
recommend_signal_v2,sig_e889f008560fa39cbc814d25,recommend_v2,2026-08-27T02:54:47+00:00,20260826,20260826,002015.SZ,协鑫能科,新型电力,40.0,30.79,25.0,95.79,normal,,16.8,17.14,preferred,1,74aa4686e69d,unified,95.79,short_momentum|close_quality|volume_funds
recommend_signal_v2,sig_674a852d0a26a54b6c953c85,recommend_v2,2026-08-27T02:54:47+00:00,20260826,20260826,688772.SH,珠海冠宇,电气设备,40.0,35.0,20.45,95.45,normal,,14.73,15.03,preferred,2,74aa4686e69d,unified,95.45,short_momentum|close_quality|volume_funds
recommend_signal_v2,sig_4c4a3b604c997f7f5106ffcf,recommend_v2,2026-08-27T02:54:47+00:00,20260826,20260826,300191.SZ,潜能恒信,石油开采,40.0,33.0,22.59,95.59,normal,,36.45,37.19,none,3,74aa4686e69d,unified,95.59,short_momentum|close_quality|volume_funds
recommend_signal_v2,sig_6d303c3c4f275472380118e1,recommend_v2,2026-08-27T02:54:47+00:00,20260826,20260826,000783.SZ,长江证券,证券,38.33,33.3,20.65,92.28,normal,,8.9,9.08,preferred,4,74aa4686e69d,unified,92.28,short_momentum|close_quality|volume_funds
recommend_signal_v2,sig_89ad710e65ddea3ea881f7a2,recommend_v2,2026-08-27T02:54:47+00:00,20260826,20260826,300395.SZ,菲利华,玻璃,40.0,34.66,19.06,93.72,normal,,86.9,88.67,none,5,74aa4686e69d,unified,93.72,short_momentum|close_quality|volume_funds
recommend_signal_v2,sig_7f78b71cd39ed2b5114fea1f,recommend_v2,2026-08-28T05:57:26+00:00,20260827,20260827,300377.SZ,赢时胜,软件服务,40.0,32.93,25.0,97.93,normal,,15.29,15.6,preferred,1,74aa4686e69d,unified,97.93,short_momentum|close_quality|volume_funds
recommend_signal_v2,sig_9afdfcc9df4163fb67104c20,recommend_v2,2026-08-28T05:57:26+00:00,20260827,20260827,000823.SZ,超声电子,元器件,39.91,35.0,20.58,95.49,normal,,15.39,15.7,preferred,2,74aa4686e69d,unified,95.49,short_momentum|close_quality|volume_funds
recommend_signal_v2,sig_9b0097b64a27af420eab9458,recommend_v2,2026-08-28T05:57:26+00:00,20260827,20260827,002745.SZ,木林森,元器件,40.0,35.0,20.0,95.0,normal,,11.72,11.96,preferred,3,74aa4686e69d,unified,95.0,short_momentum|close_quality|volume_funds
recommend_signal_v2,sig_7430cd66b3214ea8d45cfbfb,recommend_v2,2026-08-28T05:57:26+00:00,20260827,20260827,600498.SH,烽火通信,通信设备,40.0,35.0,22.87,97.87,normal,,41.86,42.71,none,4,74aa4686e69d,unified,97.87,short_momentum|close_quality|volume_funds
recommend_signal_v2,sig_1bd86e99b88cc360807238f9,recommend_v2,2026-08-28T05:57:26+00:00,20260827,20260827,600522.SH,中天科技,通信设备,40.0,35.0,21.98,96.98,normal,,35.36,36.08,none,5,74aa4686e69d,unified,96.98,short_momentum|close_quality|volume_funds
recommend_signal_v2,sig_0c33b01c884f85740e463b7a,recommend_v2,2026-08-31T00:12:22+00:00,20260828,20260828,601212.SH,白银有色,铜,39.89,34.51,20.03,94.43,normal,,7.48,7.63,preferred,1,74aa4686e69d,unified,94.43,short_momentum|close_quality|volume_funds
recommend_signal_v2,sig_de14c3c118a3617e4ad1cc8d,recommend_v2,2026-08-31T00:12:22+00:00,20260828,20260828,002161.SZ,远望谷,通信设备,40.0,31.63,19.36,90.99,normal,,6.71,6.85,preferred,2,74aa4686e69d,unified,90.99,short_momentum|close_quality|volume_funds
recommend_signal_v2,sig_6a553701d4e713c40fe62fe9,recommend_v2,2026-08-31T00:12:22+00:00,20260828,20260828,002860.SZ,星帅尔,家用电器,40.0,35.0,15.77,90.77,normal,,15.73,16.05,preferred,3,74aa4686e69d,unified,90.77,short_momentum|close_quality|volume_funds
recommend_signal_v2,sig_32d47cbd909698548e91aa26,recommend_v2,2026-08-31T00:12:22+00:00,20260828,20260828,002092.SZ,中泰化学,化工原料,37.05,35.0,18.53,90.58,normal,,4.7,4.8,preferred,4,74aa4686e69d,unified,90.58,short_momentum|close_quality|volume_funds
recommend_signal_v2,sig_2c8de62680fd349e11a192a6,recommend_v2,2026-08-31T00:12:22+00:00,20260828,20260828,002430.SZ,杭氧股份,化工机械,39.69,32.27,20.96,92.92,normal,,25.59,26.11,none,5,74aa4686e69d,unified,92.92,short_momentum|close_quality|volume_funds
