schema_version,trade_id,signal_id,signal_schema_version,strategy_version,signal_date,ts_code,name,industry,quality_score,selection_rank,signal_close,planned_entry_date,planned_entry_price,status,entry_date,entry_price,planned_exit_date,actual_exit_date,exit_price,exit_reason,deferred_reason,delay_trade_days,gross_return_pct,cost_pct,net_return_pct,last_valid_close,stale_price,stale_valuation_days,portfolio_status,portfolio_skip_reason,slot_id,allocated_capital,realized_value
recommend_trade_v1,trd_dc4f0fe1cbb16de6c1ed312f,sig_e1cb0a6caeafe9b3bf60d303,legacy_v1,legacy_v1,20260724,000595.SZ,新能股份,未知,59.03,0,6.07,20260727,5.9486,closed,20260727,5.46,20260728,20260728,5.84,take_profit_gap,,0,6.95970695971,0.15,6.80970695971,5.41,false,0,closed,,1,0.2,0.213619413919
recommend_trade_v1,trd_ae0e14caee936aae79e6e314,sig_0337569cf1febdfed0d630cd,legacy_v1,legacy_v1,20260724,002300.SZ,太阳电缆,未知,56.46,0,7.1,20260727,6.958,closed,20260727,6.958,20260728,20260728,7.32,take_profit_gap,,0,5.20264443806,0.15,5.05264443806,7.07,false,0,closed,,2,0.2,0.210105288876
recommend_trade_v1,trd_8943268b6ef2f735d697b890,sig_19aa8d2c3cc6bb079cbc1664,legacy_v1,legacy_v1,20260724,603993.SH,洛阳钼业,未知,55.46,0,19.04,20260727,18.6592,expired_unfilled,,0,,,0,,,0,0,0.15,0,0,false,0,not_entered,expired_unfilled,0,0,0
recommend_trade_v1,trd_a2b5b636f7843a778cc0736a,sig_920638cd3f548b7ef5ef4daf,legacy_v1,legacy_v1,20260724,600188.SH,兖矿能源,未知,54.74,0,19.73,20260727,19.3354,closed,20260727,19.02,20260728,20260728,19.7808,take_profit,,0,4,0.15,3.85,19.8,false,0,skipped_daily_limit,skipped_daily_limit,0,0,0
recommend_trade_v1,trd_33c98bda08c001a6daccfe39,sig_74d24283104086ae0050bdb8,legacy_v1,legacy_v1,20260724,000703.SZ,恒逸石化,未知,53.42,0,15.05,20260727,14.749,closed,20260727,14.51,20260728,20260728,15.38,take_profit_gap,,0,5.99586492074,0.15,5.84586492074,15.3,false,0,skipped_daily_limit,skipped_daily_limit,0,0,0
recommend_trade_v1,trd_00216b30cf7c640ab574a86c,sig_c19054d518b9d08d745f6bd2,legacy_v1,legacy_v1,20260724,300017.SZ,网宿科技,未知,52.74,0,13,20260727,12.74,closed,20260727,12.74,20260729,20260729,12.3578,stop_loss,,0,-3,0.15,-3.15,12.54,false,0,skipped_daily_limit,skipped_daily_limit,0,0,0
recommend_trade_v1,trd_3e0203617d41a7dfad059e99,sig_9a2542426d7bbbb45e96c772,legacy_v1,legacy_v1,20260724,600352.SH,浙江龙盛,未知,52.24,0,12.28,20260727,12.0344,expired_unfilled,,0,,,0,,,0,0,0.15,0,0,false,0,not_entered,expired_unfilled,0,0,0
recommend_trade_v1,trd_455e2da07c5ddc25eae24579,sig_f051f36154aabf1d3a8386f6,legacy_v1,legacy_v1,20260724,605162.SH,新中港,未知,51.87,0,8.64,20260727,8.4672,closed,20260727,7.78,20260728,20260728,8.13,take_profit_gap,,0,4.49871465296,0.15,4.34871465296,9.23,false,0,skipped_daily_limit,skipped_daily_limit,0,0,0
recommend_trade_v1,trd_1dcd304d9644c48ee7fc08fa,sig_b8f8586b8a746d492cbdf91f,legacy_v1,legacy_v1,20260724,600011.SH,华能国际,未知,51.67,0,7.09,20260727,6.9482,expired_unfilled,,0,,,0,,,0,0,0.15,0,0,false,0,not_entered,expired_unfilled,0,0,0
recommend_trade_v1,trd_0410eb0ed400154d56001c88,sig_41728235b8f1769ba164afef,legacy_v1,legacy_v1,20260724,601600.SH,中国铝业,未知,50.96,0,9.44,20260727,9.2512,closed,20260727,9.2512,20260729,20260729,9.52,timeout_close,,0,2.90556900726,0.15,2.75556900726,9.52,false,0,skipped_daily_limit,skipped_daily_limit,0,0,0
recommend_trade_v1,trd_a6a818501d2915718ebce059,sig_d822a841634b270026e886e6,legacy_v1,legacy_v1,20260727,002498.SZ,汉缆股份,未知,69.35,0,7.1,20260728,6.958,closed,20260728,6.76,20260729,20260729,6.41,stop_loss_gap,,0,-5.1775147929,0.15,-5.3275147929,7.19,false,0,closed,,3,0.2,0.189344970414
recommend_trade_v1,trd_b1aa3754a6aee0714fcc738c,sig_279633da9601903b3aac3c0a,legacy_v1,legacy_v1,20260727,600698.SH,湖南天雁,未知,56.22,0,7.08,20260728,6.9384,closed,20260728,6.76,20260729,20260729,6.4,stop_loss_gap,,0,-5.32544378698,0.15,-5.47544378698,6.54,false,0,closed,,4,0.2,0.189049112426
recommend_trade_v1,trd_ffcebabbb88977317201f3ec,sig_6d454e1409fe33bd8508c2ba,legacy_v1,legacy_v1,20260727,000670.SZ,盈方微,未知,54.63,0,6.93,20260728,6.7914,closed,20260728,6.44,20260729,20260729,6.6976,take_profit,,0,4,0.15,3.85,6.71,false,0,skipped_daily_limit,skipped_daily_limit,0,0,0
recommend_trade_v1,trd_262cb308822fdd25ede67e42,sig_518341285a7cf5cc8dd0259d,legacy_v1,legacy_v1,20260727,600999.SH,招商证券,未知,54.18,0,18.23,20260728,17.8654,closed,20260728,17.8654,20260729,20260729,17.329438,stop_loss,,0,-3,0.15,-3.15,17.68,false,0,skipped_daily_limit,skipped_daily_limit,0,0,0
recommend_trade_v1,trd_5147f6e2c9d956cebb85bee3,sig_2058545c18f43243d85f7d81,legacy_v1,legacy_v1,20260727,000725.SZ,京东方A,未知,53.58,0,5.97,20260728,5.8506,closed,20260728,5.8,20260729,20260729,5.626,stop_loss,,0,-3,0.15,-3.15,5.71,false,0,skipped_daily_limit,skipped_daily_limit,0,0,0
recommend_trade_v1,trd_38d55eb3871f477b198a91f8,sig_5d770b71211814d8ed7e58e0,legacy_v1,legacy_v1,20260727,000533.SZ,顺钠股份,未知,53.04,0,10.51,20260728,10.2998,closed,20260728,10.2998,20260729,20260729,10.78,take_profit_gap,,0,4.662226451,0.15,4.512226451,12.13,false,0,skipped_daily_limit,skipped_daily_limit,0,0,0
recommend_trade_v1,trd_b7054bd18efb13bd3725e876,sig_f1e26b1a3965c96c8cc5a550,legacy_v1,legacy_v1,20260727,000703.SZ,恒逸石化,未知,52.5,0,15.81,20260728,15.4938,closed,20260728,15.38,20260730,20260730,15.9952,take_profit,,0,4,0.15,3.85,16.05,false,0,skipped_daily_limit,skipped_daily_limit,0,0,0
recommend_trade_v1,trd_0866837be808142685dbeffe,sig_c5ca18b0b5b35d5df644cc1f,legacy_v1,legacy_v1,20260727,601857.SH,中国石油,未知,52.44,0,10.9,20260728,10.682,expired_unfilled,,0,,,0,,,0,0,0.15,0,0,false,0,not_entered,expired_unfilled,0,0,0
recommend_trade_v1,trd_8461fa6b55e29e7f6d682754,sig_e910178d0d7ab091c618efb1,legacy_v1,legacy_v1,20260727,300017.SZ,网宿科技,未知,52.25,0,13.33,20260728,13.0634,closed,20260728,12.94,20260729,20260729,12.5518,stop_loss,,0,-3,0.15,-3.15,12.54,false,0,skipped_daily_limit,skipped_daily_limit,0,0,0
recommend_trade_v1,trd_5b14e22959793a7026895729,sig_7baddf652f4c6b9bd6a8442f,legacy_v1,legacy_v1,20260727,600726.SH,华电能源,未知,30,0,6.25,20260728,6.125,closed,20260728,6.08,20260729,20260729,5.8976,stop_loss,,0,-3,0.15,-3.15,5.9,false,0,skipped_daily_limit,skipped_daily_limit,0,0,0
recommend_trade_v1,trd_9d5330d5b76272639a5202b5,sig_088dfd88b17439649675faeb,legacy_v1,legacy_v1,20260728,300293.SZ,蓝英装备,未知,63.41,0,16.95,20260729,16.611,closed,20260729,15.82,20260730,20260730,14.81,stop_loss_gap,,0,-6.38432364096,0.15,-6.53432364096,15.46,false,0,closed,,1,0.213619413919,0.199660830054
recommend_trade_v1,trd_2292839858eed386121915ac,sig_7265bb824b1ec9f6601884fa,legacy_v1,legacy_v1,20260728,002310.SZ,东方新能,未知,59.55,0,2.65,20260729,2.597,closed,20260729,2.597,20260730,20260730,2.51909,stop_loss,,0,-3,0.15,-3.15,2.49,false,0,closed,,2,0.210105288876,0.203486972277
recommend_trade_v1,trd_853881e0bcc91d4d5394693c,sig_2ac7c801f3b67181519948cc,legacy_v1,legacy_v1,20260728,002366.SZ,融发核电,未知,58.05,0,5.75,20260729,5.635,closed,20260729,5.635,20260731,20260731,5.74,timeout_close,,0,1.86335403727,0.15,1.71335403727,5.74,false,0,skipped_daily_limit,skipped_daily_limit,0,0,0
recommend_trade_v1,trd_295a25f1070a613c7388ac23,sig_d012839b36c5f2b72af6feac,legacy_v1,legacy_v1,20260728,600415.SH,小商品城,未知,55.45,0,11.83,20260729,11.5934,expired_unfilled,,0,,,0,,,0,0,0.15,0,0,false,0,not_entered,expired_unfilled,0,0,0
recommend_trade_v1,trd_e4d26c6d800cf31826c2fec3,sig_d7fdd9f1fde04ae910b27b79,legacy_v1,legacy_v1,20260728,002549.SZ,凯美特气,未知,55.01,0,14.01,20260729,13.7298,closed,20260729,13.53,20260730,20260730,13.01,stop_loss_gap,,0,-3.84331116038,0.15,-3.99331116038,12.54,false,0,skipped_daily_limit,skipped_daily_limit,0,0,0
recommend_trade_v1,trd_192edc641c3001777649a7b5,sig_c419c3f1c92aab53f159d686,legacy_v1,legacy_v1,20260728,600881.SH,亚泰集团,未知,54.38,0,1.81,20260729,1.7738,closed,20260729,1.76,20260730,20260730,1.88,take_profit_gap,,0,6.81818181818,0.15,6.66818181818,1.72,false,0,skipped_daily_limit,skipped_daily_limit,0,0,0
recommend_trade_v1,trd_7eff769696547b6ff88be08f,sig_fed10434589fe1a61b9fe3d3,legacy_v1,legacy_v1,20260728,000725.SZ,京东方A,未知,53.4,0,5.58,20260729,5.4684,expired_unfilled,,0,,,0,,,0,0,0.15,0,0,false,0,not_entered,expired_unfilled,0,0,0
recommend_trade_v1,trd_5a18f7dcaa19182228c8110f,sig_b2f43d77f2469062a21f3d67,legacy_v1,legacy_v1,20260728,600775.SH,南京熊猫,未知,52.94,0,10.35,20260729,10.143,closed,20260729,9.9,20260730,20260730,9.43,stop_loss_gap,,0,-4.74747474747,0.15,-4.89747474747,9.55,false,0,skipped_daily_limit,skipped_daily_limit,0,0,0
recommend_trade_v1,trd_fc67d5b4e6011b108c026991,sig_fc288b07513557c3446ea655,legacy_v1,legacy_v1,20260728,002440.SZ,闰土股份,未知,52.88,0,12.4,20260729,12.152,expired_unfilled,,0,,,0,,,0,0,0.15,0,0,false,0,not_entered,expired_unfilled,0,0,0
recommend_trade_v1,trd_d929706c22499e7a70c9722a,sig_c10f887476931440163360e2,legacy_v1,legacy_v1,20260728,002647.SZ,仁东控股,未知,52.03,0,9.57,20260729,9.3786,closed,20260729,9.3786,20260730,20260730,9.097242,stop_loss,,0,-3,0.15,-3.15,9.03,false,0,skipped_daily_limit,skipped_daily_limit,0,0,0
recommend_trade_v1,trd_6451e40675116fb9b51bc429,sig_9f71048c52c9522da6a90153,legacy_v1,legacy_v1,20260729,002130.SZ,沃尔核材,未知,81.2,0,16.48,20260730,16.1504,closed,20260730,16.1504,20260731,20260731,17.19,take_profit_gap,,0,6.43699227264,0.15,6.28699227264,16.7,false,0,closed,,3,0.189344970414,0.201249074073
recommend_trade_v1,trd_1e5f260ca0ef7e7c5b986282,sig_6b9021564a6897b09a026fcf,legacy_v1,legacy_v1,20260729,002969.SZ,嘉美包装,未知,64.41,0,13.14,20260730,12.8772,closed,20260730,12.45,20260731,20260731,11.45,stop_loss_gap,,0,-8.03212851406,0.15,-8.18212851406,12.41,false,0,closed,,4,0.189049112426,0.173580871093
recommend_trade_v1,trd_2fa79c7293b66b719ecefe22,sig_a9bdc6d6ae84f58fd57cb8ae,legacy_v1,legacy_v1,20260729,300328.SZ,宜安科技,未知,61.32,0,12.33,20260730,12.0834,closed,20260730,12.0834,20260731,20260731,12.566736,take_profit,,0,4,0.15,3.85,12.83,false,0,skipped_daily_limit,skipped_daily_limit,0,0,0
recommend_trade_v1,trd_b192994dc902ef252a71d190,sig_d8763be9dd6d86fc8b36098d,legacy_v1,legacy_v1,20260729,600693.SH,东百集团,未知,60.11,0,9.47,20260730,9.2806,closed,20260730,9.28,20260731,20260731,8.27,stop_loss_gap,,0,-10.8836206897,0.15,-11.0336206897,9.44,false,0,skipped_daily_limit,skipped_daily_limit,0,0,0
recommend_trade_v1,trd_38a1fb7fa1af667254047be9,sig_7941b668afebcb548a0f5fe4,legacy_v1,legacy_v1,20260729,002602.SZ,世纪华通,未知,59.95,0,13.55,20260730,13.279,closed,20260730,13.279,20260731,20260731,13.81016,take_profit,,0,4,0.15,3.85,13.54,false,0,skipped_daily_limit,skipped_daily_limit,0,0,0
recommend_trade_v1,trd_8081d5424c031708836362e4,sig_0f2c4a5d9f0ddd247a55797b,legacy_v1,legacy_v1,20260729,600352.SH,浙江龙盛,未知,57.01,0,13.55,20260730,13.279,closed,20260730,13.279,20260803,20260803,12.88063,stop_loss,,0,-3,0.15,-3.15,13.17,false,0,skipped_daily_limit,skipped_daily_limit,0,0,0
recommend_trade_v1,trd_436e2419202b5d30cbf81264,sig_a5934925706cc8c5cacb1570,legacy_v1,legacy_v1,20260729,600326.SH,西藏天路,未知,55.78,0,6.81,20260730,6.6738,expired_unfilled,,0,,,0,,,0,0,0.15,0,0,false,0,not_entered,expired_unfilled,0,0,0
recommend_trade_v1,trd_b90b6af5cea4c3fe21ab340a,sig_ef3c1c093c18aa82ff7e3cd2,legacy_v1,legacy_v1,20260729,000690.SZ,宝新能源,未知,54.01,0,5.09,20260730,4.9882,closed,20260730,4.97,20260803,20260803,5.01,timeout_close,,0,0.804828973843,0.15,0.654828973843,5.01,false,0,skipped_daily_limit,skipped_daily_limit,0,0,0
recommend_trade_v1,trd_4be067daabd3cb869beeee5a,sig_bfaf747f4674f462aaf4247b,legacy_v1,legacy_v1,20260729,002244.SZ,滨江集团,未知,51.77,0,9.45,20260730,9.261,expired_unfilled,,0,,,0,,,0,0,0.15,0,0,false,0,not_entered,expired_unfilled,0,0,0
recommend_trade_v1,trd_35641296378cc6633282231f,sig_f3664ea7ec0f0d47b7275f27,legacy_v1,legacy_v1,20260729,600577.SH,精达股份,未知,41.5,0,7.54,20260730,7.3892,expired_unfilled,,0,,,0,,,0,0,0.15,0,0,false,0,not_entered,expired_unfilled,0,0,0
recommend_trade_v1,trd_e5925e591cb01ce49e0ccd07,sig_8185dac5e3746ffc7e1e31f6,legacy_v1,legacy_v1,20260730,300170.SZ,汉得信息,未知,76.87,0,15.07,20260731,14.7686,expired_unfilled,,0,,,0,,,0,0,0.15,0,0,false,0,not_entered,expired_unfilled,0,0,0
recommend_trade_v1,trd_34cf7c956314b84f55b70ab8,sig_6f52635d0fb0418548131629,legacy_v1,legacy_v1,20260730,300981.SZ,中红医疗,未知,65.6,0,14.18,20260731,13.8964,closed,20260731,13.49,20260803,20260803,14.25,take_profit_gap,,0,5.6338028169,0.15,5.4838028169,14.69,false,0,closed,,1,0.199660830054,0.210609836277
recommend_trade_v1,trd_fb4b8496d8be842ce4273e8f,sig_ec0b91a2b5e6a4e2534d2c08,legacy_v1,legacy_v1,20260730,600733.SH,北汽蓝谷,未知,58.14,0,5.96,20260731,5.8408,closed,20260731,5.72,20260803,20260803,6.09,take_profit_gap,,0,6.46853146853,0.15,6.31853146853,5.97,false,0,closed,,2,0.203486972277,0.216344360654
recommend_trade_v1,trd_b90fe050743319358876f86b,sig_b5d5a83e8eb47d341245e025,legacy_v1,legacy_v1,20260730,600619.SH,海立股份,未知,57.47,0,14.24,20260731,13.9552,closed,20260731,13.81,20260804,20260804,14.03,timeout_close,,0,1.59304851557,0.15,1.44304851557,14.03,false,0,skipped_daily_limit,skipped_daily_limit,0,0,0
recommend_trade_v1,trd_2aa930421d0f534ec8cc723c,sig_c6d82f3d18d88f43af39057f,legacy_v1,legacy_v1,20260730,002703.SZ,浙江世宝,未知,56.65,0,14.61,20260731,14.3178,closed,20260731,13.99,20260803,20260803,14.5496,take_profit,,0,4,0.15,3.85,14.74,false,0,skipped_daily_limit,skipped_daily_limit,0,0,0
recommend_trade_v1,trd_9852985da153419b2fc71bbb,sig_c32f9492a2ed8663cd19503a,legacy_v1,legacy_v1,20260730,000859.SZ,国风新材,未知,56.07,0,8.37,20260731,8.2026,closed,20260731,8.2,20260803,20260803,7.954,stop_loss,,0,-3,0.15,-3.15,8.27,false,0,skipped_daily_limit,skipped_daily_limit,0,0,0
recommend_trade_v1,trd_7fac615867f20e410d8f4677,sig_f057f8c87a8e1b9202a24f43,legacy_v1,legacy_v1,20260730,002602.SZ,世纪华通,未知,55.95,0,13.19,20260731,12.9262,expired_unfilled,,0,,,0,,,0,0,0.15,0,0,false,0,not_entered,expired_unfilled,0,0,0
recommend_trade_v1,trd_79eb87ba7cb37b1cf34867d2,sig_6cc452bcfa461385d6b282ae,legacy_v1,legacy_v1,20260730,002585.SZ,双星新材,未知,55.91,0,8.66,20260731,8.4868,expired_unfilled,,0,,,0,,,0,0,0.15,0,0,false,0,not_entered,expired_unfilled,0,0,0
recommend_trade_v1,trd_d787077ac49d67d0ce20d060,sig_6624d8a4c86b74ed12ddf8f2,legacy_v1,legacy_v1,20260730,603327.SH,福蓉科技,未知,55.04,0,9.11,20260731,8.9278,closed,20260731,8.89,20260804,20260804,8.99,timeout_close,,0,1.12485939258,0.15,0.974859392576,8.99,false,0,skipped_daily_limit,skipped_daily_limit,0,0,0
recommend_trade_v1,trd_7b0172f21c55701f07ea04ec,sig_68432bafb41e1acd544d337d,legacy_v1,legacy_v1,20260730,000725.SZ,京东方A,未知,54.82,0,5.36,20260731,5.2528,expired_unfilled,,0,,,0,,,0,0,0.15,0,0,false,0,not_entered,expired_unfilled,0,0,0
recommend_trade_v1,trd_d5da93c0569c1e53d2f71d52,sig_02afc77ae92fec379c037e42,legacy_v1,legacy_v1,20260731,300017.SZ,网宿科技,未知,92.98,0,14.03,20260803,13.7494,closed,20260803,13.7494,20260804,20260804,14.299376,take_profit,,0,4,0.15,3.85,14.73,false,0,closed,,3,0.201249074073,0.208997163425
recommend_trade_v1,trd_b12e60faaf04ea679138ba78,sig_4f640b1e72ae97bdc2d66fcd,legacy_v1,legacy_v1,20260731,002555.SZ,三七互娱,未知,82.58,0,19.91,20260803,19.5118,expired_unfilled,,0,,,0,,,0,0,0.15,0,0,false,0,not_entered,expired_unfilled,0,0,0
recommend_trade_v1,trd_0bc8347853889957fc47c3ab,sig_caf7eece83e75335b7643bb8,legacy_v1,legacy_v1,20260731,300170.SZ,汉得信息,未知,63.8,0,16.65,20260803,16.317,closed,20260803,16.317,20260804,20260804,16.96968,take_profit,,0,4,0.15,3.85,16.89,false,0,closed,,4,0.173580871093,0.18026373463
recommend_trade_v1,trd_79957554e7e5e388dc6c2b45,sig_430d58d5afb3d8233d2d768c,legacy_v1,legacy_v1,20260731,300182.SZ,捷成股份,未知,63.72,0,5.1,20260803,4.998,closed,20260803,4.998,20260804,20260804,5.19792,take_profit,,0,4,0.15,3.85,5.72,false,0,skipped_daily_limit,skipped_daily_limit,0,0,0
recommend_trade_v1,trd_fe132ffad4e7a70fb6669767,sig_b92bb8a7985a51ad49190ebd,legacy_v1,legacy_v1,20260731,300166.SZ,东方国信,未知,61.89,0,13.23,20260803,12.9654,expired_unfilled,,0,,,0,,,0,0,0.15,0,0,false,0,not_entered,expired_unfilled,0,0,0
recommend_trade_v1,trd_97c7faa23622e32f9b96146b,sig_569ef51bfd3bdf027db1bd9b,legacy_v1,legacy_v1,20260731,000009.SZ,中国宝安,未知,61.46,0,7.87,20260803,7.7126,expired_unfilled,,0,,,0,,,0,0,0.15,0,0,false,0,not_entered,expired_unfilled,0,0,0
recommend_trade_v1,trd_b109c268680844af6a2a6781,sig_4d5bb665d809f6a74c2149cd,legacy_v1,legacy_v1,20260731,300525.SZ,博思软件,未知,61.21,0,9.36,20260803,9.1728,closed,20260803,9.1728,20260805,20260805,9.539712,take_profit,,0,4,0.15,3.85,9.37,false,0,skipped_daily_limit,skipped_daily_limit,0,0,0
recommend_trade_v1,trd_e0a49bbef875f13077567a96,sig_b9ed9e19a640038d464626cc,legacy_v1,legacy_v1,20260731,300244.SZ,迪安诊断,未知,61.14,0,18.25,20260803,17.885,closed,20260803,17.885,20260805,20260805,18.6004,take_profit,,0,4,0.15,3.85,19.75,false,0,skipped_daily_limit,skipped_daily_limit,0,0,0
recommend_trade_v1,trd_5883b53a2b2c3ecac877cf1e,sig_9e8b459e73cdc212164ab5d5,legacy_v1,legacy_v1,20260731,002400.SZ,省广集团,未知,60.69,0,6.8,20260803,6.664,closed,20260803,6.664,20260804,20260804,6.93056,take_profit,,0,4,0.15,3.85,6.99,false,0,skipped_daily_limit,skipped_daily_limit,0,0,0
recommend_trade_v1,trd_3df66d9cb2d702c5915dc555,sig_58c065ee10e70cd736ef8f59,legacy_v1,legacy_v1,20260731,002131.SZ,利欧股份,未知,60.45,0,4.66,20260803,4.5668,expired_unfilled,,0,,,0,,,0,0,0.15,0,0,false,0,not_entered,expired_unfilled,0,0,0
recommend_trade_v1,trd_7b84443aebd00d5676f69a67,sig_a439be209a4c126c347c9aef,legacy_v1,legacy_v1,20260803,001696.SZ,宗申动力,未知,58.55,0,15.14,20260804,14.8372,expired_unfilled,,0,,,0,,,0,0,0.15,0,0,false,0,not_entered,expired_unfilled,0,0,0
recommend_trade_v1,trd_dc0abc5cdb276b151a86ca29,sig_3922e0c09e91ada361ba862e,legacy_v1,legacy_v1,20260803,300963.SZ,中洲特材,未知,55.06,0,12.71,20260804,12.4558,closed,20260804,12.42,20260805,20260805,12.9168,take_profit,,0,4,0.15,3.85,12.96,false,0,closed,,1,0.210609836277,0.218718314973
recommend_trade_v1,trd_d3ed29ba8690410e4689520a,sig_96a348ef08aa019ea4779aa1,legacy_v1,legacy_v1,20260803,002602.SZ,世纪华通,未知,54.99,0,13.82,20260804,13.5436,expired_unfilled,,0,,,0,,,0,0,0.15,0,0,false,0,not_entered,expired_unfilled,0,0,0
recommend_trade_v1,trd_70a90b5a3dcc9bd13c00c217,sig_e87250fb883eedf6efd2536f,legacy_v1,legacy_v1,20260803,002031.SZ,巨轮智能,未知,54.33,0,5.21,20260804,5.1058,closed,20260804,5.1058,20260805,20260805,5.310032,take_profit,,0,4,0.15,3.85,5.38,false,0,closed,,2,0.216344360654,0.224673618539
recommend_trade_v1,trd_36c077627061f2715e37bbdf,sig_449a2ece85bdbe3b6a01b361,legacy_v1,legacy_v1,20260803,000818.SZ,航锦科技,未知,54.1,0,13.4,20260804,13.132,expired_unfilled,,0,,,0,,,0,0,0.15,0,0,false,0,not_entered,expired_unfilled,0,0,0
recommend_trade_v1,trd_08f0798102f6fd5bb1603d25,sig_73737692fb27efc1e5abed6d,legacy_v1,legacy_v1,20260803,002639.SZ,雪人集团,未知,54.08,0,12.61,20260804,12.3578,closed,20260804,12.3578,20260805,20260805,12.852112,take_profit,,0,4,0.15,3.85,12.87,false,0,skipped_daily_limit,skipped_daily_limit,0,0,0
recommend_trade_v1,trd_cd6100726e488907f7579dd7,sig_8f54c55bdee96ace9c4ca72b,legacy_v1,legacy_v1,20260803,002027.SZ,分众传媒,未知,53.94,0,5.34,20260804,5.2332,expired_unfilled,,0,,,0,,,0,0,0.15,0,0,false,0,not_entered,expired_unfilled,0,0,0
recommend_trade_v1,trd_058c97144f8e39b6525d5da2,sig_9ef141b254418a89243363d7,legacy_v1,legacy_v1,20260803,000683.SZ,博源化工,未知,46.58,0,6.11,20260804,5.9878,closed,20260804,5.9878,20260806,20260806,6.12,timeout_close,,0,2.20782257256,0.15,2.05782257256,6.12,false,0,skipped_daily_limit,skipped_daily_limit,0,0,0
recommend_trade_v1,trd_e518c95980da70dfbd90f328,sig_97624036042ed7e553f327f4,legacy_v1,legacy_v1,20260803,002410.SZ,广联达,未知,42.94,0,9.77,20260804,9.5746,expired_unfilled,,0,,,0,,,0,0,0.15,0,0,false,0,not_entered,expired_unfilled,0,0,0
recommend_trade_v1,trd_a74b2af1f594ab73c935c5df,sig_64b4b3d89c4e03169f24dedb,legacy_v1,legacy_v1,20260803,600577.SH,精达股份,未知,41.87,0,8.09,20260804,7.9282,expired_unfilled,,0,,,0,,,0,0,0.15,0,0,false,0,not_entered,expired_unfilled,0,0,0
recommend_trade_v1,trd_86ba1c350ba844787fa5219c,sig_fb4aaa92cbb5e8140501db27,legacy_v1,legacy_v1,20260804,002438.SZ,江苏神通,未知,80.31,0,14.5,20260805,14.21,closed,20260805,14.21,20260806,20260806,14.7784,take_profit,,0,4,0.15,3.85,14.44,false,0,closed,,3,0.208997163425,0.217043554216
recommend_trade_v1,trd_10850a149c4e11359f8e1ea7,sig_6f9efcf11f539bdd4a351bba,legacy_v1,legacy_v1,20260804,600267.SH,海正药业,未知,71.97,0,12.15,20260805,11.907,closed,20260805,11.907,20260807,20260807,12.38328,take_profit,,0,4,0.15,3.85,13.11,false,0,closed,,4,0.18026373463,0.187203888413
recommend_trade_v1,trd_123ca513df389ccadd4ce306,sig_9b9e5ea4c8515ec63032375d,legacy_v1,legacy_v1,20260804,300363.SZ,博腾股份,未知,63.1,0,17.73,20260805,17.3754,closed,20260805,17.35,20260807,20260807,18.044,take_profit,,0,4,0.15,3.85,20.44,false,0,skipped_daily_limit,skipped_daily_limit,0,0,0
recommend_trade_v1,trd_1d0a1a73979b2ea01f755720,sig_90cbfe8cf95d4b9f77655db5,legacy_v1,legacy_v1,20260804,000967.SZ,盈峰环境,未知,63.03,0,9.09,20260805,8.9082,closed,20260805,8.75,20260806,20260806,9.21,take_profit_gap,,0,5.25714285714,0.15,5.10714285714,9.37,false,0,skipped_daily_limit,skipped_daily_limit,0,0,0
recommend_trade_v1,trd_6460b72231e47cdfaa4da894,sig_be3d48a0b318579930a14908,legacy_v1,legacy_v1,20260804,300229.SZ,拓尔思,未知,62.7,0,15.81,20260805,15.4938,expired_unfilled,,0,,,0,,,0,0,0.15,0,0,false,0,not_entered,expired_unfilled,0,0,0
recommend_trade_v1,trd_3b3f93f091a7eb020280b93a,sig_4965a2d48db08ae3cbfd531f,legacy_v1,legacy_v1,20260804,000981.SZ,山子高科,未知,61.51,0,2.88,20260805,2.8224,expired_unfilled,,0,,,0,,,0,0,0.15,0,0,false,0,not_entered,expired_unfilled,0,0,0
recommend_trade_v1,trd_0e39c2b69ceb3f8a6e50aed2,sig_e52e4f3bad5a531c4173d7c3,legacy_v1,legacy_v1,20260804,601611.SH,中国核建,未知,57.25,0,12.12,20260805,11.8776,closed,20260805,11.76,20260806,20260806,12.32,take_profit_gap,,0,4.7619047619,0.15,4.6119047619,11.98,false,0,skipped_daily_limit,skipped_daily_limit,0,0,0
recommend_trade_v1,trd_b33ecc7dee9e4d7f5a1a09a9,sig_ab642668488a4aa7f8b07dec,legacy_v1,legacy_v1,20260804,300358.SZ,楚天科技,未知,56.57,0,9.15,20260805,8.967,closed,20260805,8.967,20260807,20260807,9.2,timeout_close,,0,2.59841641575,0.15,2.44841641575,9.2,false,0,skipped_daily_limit,skipped_daily_limit,0,0,0
recommend_trade_v1,trd_b553e1f395758bc71535943f,sig_39b8d06b6929e9602bc955a4,legacy_v1,legacy_v1,20260804,600468.SH,百利电气,未知,55.81,0,6.72,20260805,6.5856,closed,20260805,6.5,20260807,20260807,6.305,stop_loss,,0,-3,0.15,-3.15,6.24,false,0,skipped_daily_limit,skipped_daily_limit,0,0,0
recommend_trade_v1,trd_ff588503d71e309214ddae90,sig_950e79ca866b9538e470fc6d,legacy_v1,legacy_v1,20260804,002366.SZ,融发核电,未知,54.92,0,6.44,20260805,6.3112,closed,20260805,6.3,20260806,20260806,6.552,take_profit,,0,4,0.15,3.85,6.4,false,0,skipped_daily_limit,skipped_daily_limit,0,0,0
recommend_trade_v1,trd_c00b08d2f7188279892c5804,sig_d5a133f84116b5d8b854d3aa,legacy_v1,legacy_v1,20260805,002438.SZ,江苏神通,未知,76.54,0,15.29,20260806,14.9842,closed,20260806,14.63,20260807,20260807,14.1911,stop_loss,,0,-3,0.15,-3.15,13.99,false,0,skipped_duplicate,skipped_duplicate,0,0,0
recommend_trade_v1,trd_41f2fbad908352d4664dbc5a,sig_898d5ea654d99c98d59af3a0,legacy_v1,legacy_v1,20260805,002348.SZ,高乐股份,未知,64.07,0,12.12,20260806,11.8776,closed,20260806,11.74,20260807,20260807,12.2096,take_profit,,0,4,0.15,3.85,12.17,false,0,closed,,1,0.218718314973,0.2271389701
recommend_trade_v1,trd_f19a3fafbd62bf334671fb53,sig_5c8846f44a4571bfb43bc0f6,legacy_v1,legacy_v1,20260805,002607.SZ,中公教育,未知,62.39,0,2.35,20260806,2.303,closed,20260806,2.303,20260807,20260807,2.19,stop_loss_gap,,0,-4.90664350847,0.15,-5.05664350847,2.15,false,0,closed,,2,0.224673618539,0.213312674592
recommend_trade_v1,trd_f9e39ad15f8de3eb20cba1c9,sig_e499c8678680045cb555104a,legacy_v1,legacy_v1,20260805,002181.SZ,粤传媒,未知,61.93,0,9.87,20260806,9.6726,closed,20260806,9.57,20260807,20260807,9.18,stop_loss_gap,,0,-4.07523510972,0.15,-4.22523510972,9.13,false,0,skipped_daily_limit,skipped_daily_limit,0,0,0
recommend_trade_v1,trd_ca27607183448cb5f73173db,sig_86073823748de26b9c8e23a7,legacy_v1,legacy_v1,20260805,000967.SZ,盈峰环境,未知,58.24,0,9.47,20260806,9.2806,closed,20260806,9.21,20260807,20260807,8.9337,stop_loss,,0,-3,0.15,-3.15,9.35,false,0,skipped_daily_limit,skipped_daily_limit,0,0,0
recommend_trade_v1,trd_1da111aca17c3f433b10c0f2,sig_74eee7470cb775a1c4704a4c,legacy_v1,legacy_v1,20260805,600397.SH,江钨装备,未知,57.87,0,15.35,20260806,15.043,expired_unfilled,,0,,,0,,,0,0,0.15,0,0,false,0,not_entered,expired_unfilled,0,0,0
recommend_trade_v1,trd_7578bbee28896cf71e08403b,sig_96880d9fb720d762d8c8bd4b,legacy_v1,legacy_v1,20260805,600711.SH,盛屯矿业,未知,57.16,0,11.52,20260806,11.2896,closed,20260806,11.2896,20260807,20260807,11.741184,take_profit,,0,4,0.15,3.85,11.84,false,0,skipped_daily_limit,skipped_daily_limit,0,0,0
recommend_trade_v1,trd_252ead32e68def38c5922794,sig_f68dc1bcc7420437a5f8238b,legacy_v1,legacy_v1,20260805,600556.SH,天下秀,未知,56.52,0,5.54,20260806,5.4292,closed,20260806,5.27,20260807,20260807,5.11,stop_loss_gap,,0,-3.03605313093,0.15,-3.18605313093,5.14,false,0,skipped_daily_limit,skipped_daily_limit,0,0,0
recommend_trade_v1,trd_3c5e3be7362260cb5c6bf8fe,sig_17f5a194185fd9943ccf96b0,legacy_v1,legacy_v1,20260805,601611.SH,中国核建,未知,56.37,0,12.7,20260806,12.446,closed,20260806,12.32,20260807,20260807,11.81,stop_loss_gap,,0,-4.13961038961,0.15,-4.28961038961,11.69,false,0,skipped_daily_limit,skipped_daily_limit,0,0,0
recommend_trade_v1,trd_95579ac59b97b8b074d745ba,sig_638afa6f73b1c347b88eacd3,legacy_v1,legacy_v1,20260805,000725.SZ,京东方A,未知,55.36,0,5.97,20260806,5.8506,closed,20260806,5.84,20260807,20260807,6.0736,take_profit,,0,4,0.15,3.85,6.07,false,0,skipped_daily_limit,skipped_daily_limit,0,0,0
recommend_trade_v1,trd_063d9e27bea4cfc79dbd4c20,sig_d6c95fe2bb7f2d17e7322278,legacy_v1,legacy_v1,20260806,300134.SZ,大富科技,未知,61.35,0,9.59,20260807,9.3982,closed,20260807,9.25,20260810,20260810,8.84,stop_loss_gap,,0,-4.43243243243,0.15,-4.58243243243,8.63,false,0,closed,,3,0.217043554216,0.207097679995
recommend_trade_v1,trd_7d9cb40a7dee2c7dd9361e84,sig_7f614081278c53acc18ede6b,legacy_v1,legacy_v1,20260806,002565.SZ,顺灏股份,未知,58.25,0,9.88,20260807,9.6824,closed,20260807,9.6824,20260811,20260811,9.391928,stop_loss,,0,-3,0.15,-3.15,9.58,false,0,closed,,5,0.2,0.1937
recommend_trade_v1,trd_e83e98ede0c2cab9d91b30e6,sig_10e2b5d0c212642bc4607a0d,legacy_v1,legacy_v1,20260806,601898.SH,中煤能源,未知,57.39,0,14.2,20260807,13.916,closed,20260807,13.916,20260810,20260810,14.47264,take_profit,,0,4,0.15,3.85,14.4,false,0,skipped_daily_limit,skipped_daily_limit,0,0,0
recommend_trade_v1,trd_3d2a374db68f382a74addd3a,sig_75ffadc954bb6843dc31cad4,legacy_v1,legacy_v1,20260806,300322.SZ,硕贝德,未知,57.32,0,19.2,20260807,18.816,closed,20260807,18.816,20260810,20260810,18.25152,stop_loss,,0,-3,0.15,-3.15,18.44,false,0,skipped_daily_limit,skipped_daily_limit,0,0,0
recommend_trade_v1,trd_a2e9655d83af0ddfef74d6df,sig_0bf04105a6552f4541e441e0,legacy_v1,legacy_v1,20260806,002413.SZ,雷科防务,未知,57.04,0,8.69,20260807,8.5162,expired_unfilled,,0,,,0,,,0,0,0.15,0,0,false,0,not_entered,expired_unfilled,0,0,0
recommend_trade_v1,trd_be5a51361cacb955bb500a70,sig_cdd10513ee78289217700247,legacy_v1,legacy_v1,20260806,600711.SH,盛屯矿业,未知,56.89,0,11.4,20260807,11.172,expired_unfilled,,0,,,0,,,0,0,0.15,0,0,false,0,not_entered,expired_unfilled,0,0,0
recommend_trade_v1,trd_58eb29af6a8394c726c0caca,sig_5cab15ca87ca68faf677d7a4,legacy_v1,legacy_v1,20260806,002734.SZ,利民股份,未知,55.56,0,16.15,20260807,15.827,closed,20260807,15.827,20260810,20260810,16.61,take_profit_gap,,0,4.94724205472,0.15,4.79724205472,16.56,false,0,skipped_daily_limit,skipped_daily_limit,0,0,0
recommend_trade_v1,trd_caf4f714d4adbf0335292010,sig_370595602ef394134871feea,legacy_v1,legacy_v1,20260806,600121.SH,郑州煤电,未知,55.02,0,4.26,20260807,4.1748,closed,20260807,4.1,20260810,20260810,3.977,stop_loss,,0,-3,0.15,-3.15,4.03,false,0,skipped_daily_limit,skipped_daily_limit,0,0,0
recommend_trade_v1,trd_1d5f5480fdd68e863f06bbf7,sig_1a8b7c254d5ca9a5b79e3996,legacy_v1,legacy_v1,20260806,002649.SZ,博彦科技,未知,53.94,0,11.29,20260807,11.0642,closed,20260807,11.0642,20260810,20260810,10.68,stop_loss_gap,,0,-3.4724607292,0.15,-3.6224607292,10.79,false,0,skipped_daily_limit,skipped_daily_limit,0,0,0
recommend_trade_v1,trd_72f8fae054e3775927da79d9,sig_50bc0d3c185b17d6d5657de5,legacy_v1,legacy_v1,20260806,000725.SZ,京东方A,未知,52.8,0,5.96,20260807,5.8408,expired_unfilled,,0,,,0,,,0,0,0.15,0,0,false,0,not_entered,expired_unfilled,0,0,0
recommend_trade_v1,trd_09cf92265af9354fbd63f39e,sig_2c39f75579398cc4913f5065,legacy_v1,legacy_v1,20260807,002698.SZ,博实股份,未知,85.64,0,13.68,20260810,13.4064,closed,20260810,13.4064,20260812,20260812,12.92,stop_loss_gap,,0,-3.62811791383,0.15,-3.77811791383,13.93,false,0,closed,,1,0.2271389701,0.218557391981
recommend_trade_v1,trd_e15b5715814e14ecf73bd2b9,sig_b5cc59e0d1170378292a2093,legacy_v1,legacy_v1,20260807,603456.SH,九洲药业,未知,81.72,0,16.45,20260810,16.121,expired_unfilled,,0,,,0,,,0,0,0.15,0,0,false,0,not_entered,expired_unfilled,0,0,0
recommend_trade_v1,trd_da5c5c4a68ffdfbbf627956d,sig_7745b42d075f25eaa09777b0,legacy_v1,legacy_v1,20260807,300409.SZ,道氏技术,未知,77.62,0,19.27,20260810,18.8846,closed,20260810,18.8846,20260812,20260812,18.85,timeout_close,,0,-0.183218071868,0.15,-0.333218071868,18.85,false,0,closed,,2,0.213312674592,0.212601878211
recommend_trade_v1,trd_a83d9f55a4ea033395731872,sig_11c27eb8a9833c94aa381340,legacy_v1,legacy_v1,20260807,002413.SZ,雷科防务,未知,60.49,0,9.17,20260810,8.9866,closed,20260810,8.9866,20260811,20260811,8.7,stop_loss_gap,,0,-3.18919279817,0.15,-3.33919279817,8.7,false,0,skipped_daily_limit,skipped_daily_limit,0,0,0
recommend_trade_v1,trd_221413f4030510696336735f,sig_20dd3926fa2198a736238717,legacy_v1,legacy_v1,20260807,002437.SZ,誉衡药业,未知,59.74,0,3.12,20260810,3.0576,expired_unfilled,,0,,,0,,,0,0,0.15,0,0,false,0,not_entered,expired_unfilled,0,0,0
recommend_trade_v1,trd_2aa504ef9c559057ede0c3d7,sig_e8551ffdc1030ba72a9921c3,legacy_v1,legacy_v1,20260807,300142.SZ,沃森生物,未知,59.59,0,13.14,20260810,12.8772,expired_unfilled,,0,,,0,,,0,0,0.15,0,0,false,0,not_entered,expired_unfilled,0,0,0
recommend_trade_v1,trd_dcca9039624fb9a0cdd825c7,sig_dc193eca0fdc10c6e5dfa6b7,legacy_v1,legacy_v1,20260807,003040.SZ,楚天龙,未知,57.79,0,13.1,20260810,12.838,closed,20260810,12.8,20260811,20260811,12.416,stop_loss,,0,-3,0.15,-3.15,12.6,false,0,skipped_daily_limit,skipped_daily_limit,0,0,0
recommend_trade_v1,trd_bd2fab8160518ee9b10002a6,sig_4cf560cd170702a3003ee581,legacy_v1,legacy_v1,20260807,600127.SH,金健米业,未知,53.32,0,6.32,20260810,6.1936,closed,20260810,6.1936,20260812,20260812,6.12,timeout_close,,0,-1.18832343064,0.15,-1.33832343064,6.12,false,0,skipped_daily_limit,skipped_daily_limit,0,0,0
recommend_trade_v1,trd_53becaa63a750ebeda12146f,sig_548b61477d66fe19e662dadf,legacy_v1,legacy_v1,20260807,000725.SZ,京东方A,未知,52.69,0,6.07,20260810,5.9486,closed,20260810,5.9486,20260812,20260812,5.93,timeout_close,,0,-0.312678613455,0.15,-0.462678613455,5.93,false,0,skipped_daily_limit,skipped_daily_limit,0,0,0
recommend_trade_v1,trd_61c6c47ab60123f9a77f5203,sig_b83e6ae3eaaf2ac641b37b23,legacy_v1,legacy_v1,20260807,300039.SZ,上海凯宝,未知,52.5,0,5.96,20260810,5.8408,closed,20260810,5.8408,20260811,20260811,6.074432,take_profit,,0,4,0.15,3.85,5.86,false,0,skipped_daily_limit,skipped_daily_limit,0,0,0
recommend_trade_v1,trd_f72e3b1a5a53551fe6c4d899,sig_cfa8a763d235281c9c7b67c9,legacy_v1,legacy_v1,20260810,603328.SH,依顿电子,未知,81.54,0,11.42,20260811,11.1916,closed,20260811,11,20260813,20260813,10.76,timeout_close,,0,-2.18181818182,0.15,-2.33181818182,10.76,false,0,closed,,3,0.207097679995,0.202268538639
recommend_trade_v1,trd_fa2978187ad4a5086db53512,sig_8c8a27e99f12cdc777b9bb0a,legacy_v1,legacy_v1,20260810,600267.SH,海正药业,未知,80.84,0,14.24,20260811,13.9552,closed,20260811,13.9552,20260813,20260813,13.96,timeout_close,,0,0.0343957807842,0.15,-0.115604219216,13.96,false,0,closed,,4,0.187203888413,0.186987472819
recommend_trade_v1,trd_75f4d4b9716488467e2cbdc7,sig_d457da9062d71b6c7b3bd54c,legacy_v1,legacy_v1,20260810,002739.SZ,儒意电影,未知,62.57,0,9.93,20260811,9.7314,expired_unfilled,,0,,,0,,,0,0,0.15,0,0,false,0,not_entered,expired_unfilled,0,0,0
recommend_trade_v1,trd_0c9710e84a639f96b0e90c65,sig_2cedcfa0aaad5b19fe79fc08,legacy_v1,legacy_v1,20260810,000973.SZ,佛塑科技,未知,61,0,13.68,20260811,13.4064,closed,20260811,13.4064,20260812,20260812,13.942656,take_profit,,0,4,0.15,3.85,13.44,false,0,skipped_daily_limit,skipped_daily_limit,0,0,0
recommend_trade_v1,trd_cceb0ad85fae39d1cf4284e9,sig_168041304a83ef0b2ad2afcd,legacy_v1,legacy_v1,20260810,600711.SH,盛屯矿业,未知,60.53,0,12.74,20260811,12.4852,closed,20260811,12.4852,20260813,20260813,12.110644,stop_loss,,0,-3,0.15,-3.15,11.85,false,0,skipped_daily_limit,skipped_daily_limit,0,0,0
recommend_trade_v1,trd_ab2dd11811ef80c271eb8de8,sig_73ed5ae80e59df88102153b9,legacy_v1,legacy_v1,20260810,600352.SH,浙江龙盛,未知,54.46,0,13.99,20260811,13.7102,closed,20260811,13.7102,20260813,20260813,13.298894,stop_loss,,0,-3,0.15,-3.15,13.17,false,0,skipped_daily_limit,skipped_daily_limit,0,0,0
recommend_trade_v1,trd_fec4a637666fbb65257d663d,sig_d95a0b8e57ced63e5839c980,legacy_v1,legacy_v1,20260810,002589.SZ,瑞康医药,未知,52.6,0,3.34,20260811,3.2732,closed,20260811,3.2732,20260812,20260812,3.404128,take_profit,,0,4,0.15,3.85,3.55,false,0,skipped_daily_limit,skipped_daily_limit,0,0,0
recommend_trade_v1,trd_ab24dcd2aef63964169081ff,sig_263cf90c6e98f8d5ca792afd,legacy_v1,legacy_v1,20260810,000725.SZ,京东方A,未知,52.47,0,5.89,20260811,5.7722,expired_unfilled,,0,,,0,,,0,0,0.15,0,0,false,0,not_entered,expired_unfilled,0,0,0
recommend_trade_v1,trd_2f866ae3272c3f6b0d71af6d,sig_9b40e35e9575b19c5e3a5fff,legacy_v1,legacy_v1,20260810,300015.SZ,爱尔眼科,未知,51.86,0,9.07,20260811,8.8886,closed,20260811,8.8886,20260813,20260813,8.76,timeout_close,,0,-1.4467970209,0.15,-1.5967970209,8.76,false,0,skipped_daily_limit,skipped_daily_limit,0,0,0
recommend_trade_v1,trd_947e939c335dd99321169632,sig_f4978459e8cfa5c023359af5,legacy_v1,legacy_v1,20260810,002783.SZ,凯龙股份,未知,34.48,0,8.21,20260811,8.0458,closed,20260811,8.02,20260813,20260813,7.7794,stop_loss,,0,-3,0.15,-3.15,7.78,false,0,skipped_daily_limit,skipped_daily_limit,0,0,0
recommend_trade_v1,trd_ce2b47e57f5b32d361e7b662,sig_269b90aa07848b5544008a6c,legacy_v1,legacy_v1,20260811,300158.SZ,振东制药,未知,64.04,0,6.01,20260812,5.8898,closed,20260812,5.71,20260813,20260813,5.9384,take_profit,,0,4,0.15,3.85,5.73,false,0,closed,,5,0.1937,0.20115745
recommend_trade_v1,trd_ee809034865a15eae344fb15,sig_e96026f783b5781938305268,legacy_v1,legacy_v1,20260811,603993.SH,洛阳钼业,未知,58.87,0,19.13,20260812,18.7474,expired_unfilled,,0,,,0,,,0,0,0.15,0,0,false,0,not_entered,expired_unfilled,0,0,0
recommend_trade_v1,trd_707bd134345ee0f5150e18d0,sig_dee38b74aa27e65f706c297c,legacy_v1,legacy_v1,20260811,002727.SZ,一心堂,未知,58.52,0,12.67,20260812,12.4166,closed,20260812,12.4166,20260813,20260813,12.044102,stop_loss,,0,-3,0.15,-3.15,12.06,false,0,skipped_capacity,skipped_capacity,0,0,0
recommend_trade_v1,trd_ccade0eb5c408e7a690149b5,sig_34132128be1ec695b77c8bf6,legacy_v1,legacy_v1,20260811,000859.SZ,国风新材,未知,57.45,0,10.48,20260812,10.2704,closed,20260812,10.2704,20260813,20260813,9.962288,stop_loss,,0,-3,0.15,-3.15,9.76,false,0,skipped_capacity,skipped_capacity,0,0,0
recommend_trade_v1,trd_a9120c34d40b938b6b73b2ee,sig_e0ef8750fd809015deae561a,legacy_v1,legacy_v1,20260811,002251.SZ,步步高,未知,56.96,0,3.89,20260812,3.8122,closed,20260812,3.8122,20260813,20260813,3.964688,take_profit,,0,4,0.15,3.85,3.88,false,0,skipped_capacity,skipped_capacity,0,0,0
recommend_trade_v1,trd_901301443c2a28a497e6660b,sig_42ac77b9b6eb4c4d19ec04ba,legacy_v1,legacy_v1,20260811,688469.SH,芯联集成,未知,56.94,0,9.17,20260812,8.9866,expired_unfilled,,0,,,0,,,0,0,0.15,0,0,false,0,not_entered,expired_unfilled,0,0,0
recommend_trade_v1,trd_cc8b0734e69a6dd33b052c76,sig_c94f381669aa9d1b5a94bb5d,legacy_v1,legacy_v1,20260811,000537.SZ,绿发电力,未知,56.78,0,8.77,20260812,8.5946,closed,20260812,8.39,20260814,20260814,8.1383,stop_loss,,0,-3,0.15,-3.15,8.04,false,0,skipped_capacity,skipped_capacity,0,0,0
recommend_trade_v1,trd_9d4ac379628a932b568cb96f,sig_a6af67275ee25188475c8054,legacy_v1,legacy_v1,20260811,000100.SZ,TCL科技,未知,56.39,0,5,20260812,4.9,expired_unfilled,,0,,,0,,,0,0,0.15,0,0,false,0,not_entered,expired_unfilled,0,0,0
recommend_trade_v1,trd_0785a8ec5f5c78c03297b093,sig_5f8a963922c3e4c9d11f8980,legacy_v1,legacy_v1,20260811,600711.SH,盛屯矿业,未知,56,0,12.4,20260812,12.152,expired_unfilled,,0,,,0,,,0,0,0.15,0,0,false,0,not_entered,expired_unfilled,0,0,0
recommend_trade_v1,trd_a071c6e77807ce6fd7a5176e,sig_717982e6e6657003a8e52cc7,legacy_v1,legacy_v1,20260811,002379.SZ,宏桥控股,未知,55.19,0,19.4,20260812,19.012,expired_unfilled,,0,,,0,,,0,0,0.15,0,0,false,0,not_entered,expired_unfilled,0,0,0
recommend_trade_v1,trd_926c35b91ab756ff2fb08edc,sig_01dc12c19d8733b05a3af481,legacy_v1,legacy_v1,20260812,600216.SH,浙江医药,未知,84.4,0,13.77,20260813,13.4946,closed,20260813,13.4946,20260817,20260817,13.089762,stop_loss,,0,-3,0.15,-3.15,13.2,false,0,closed,,1,0.218557391981,0.211672834134
recommend_trade_v1,trd_7c805cdaef37509e8fb3a482,sig_c2607db9261f100d1455f2e4,legacy_v1,legacy_v1,20260812,600572.SH,康恩贝,未知,81.72,0,4.75,20260813,4.655,closed,20260813,4.655,20260814,20260814,4.8412,take_profit,,0,4,0.15,3.85,4.8,false,0,closed,,2,0.212601878211,0.220787050522
recommend_trade_v1,trd_ed2542e11d3ab7217f7cbd25,sig_bcdfed3bb5c2896391197995,legacy_v1,legacy_v1,20260812,300197.SZ,节能铁汉,未知,61.63,0,2.3,20260813,2.254,closed,20260813,2.254,20260814,20260814,2.18638,stop_loss,,0,-3,0.15,-3.15,2.18,false,0,skipped_daily_limit,skipped_daily_limit,0,0,0
recommend_trade_v1,trd_5463c30fe89195673430fd30,sig_7bfbc0de7aef800655a1e2be,legacy_v1,legacy_v1,20260812,600881.SH,亚泰集团,未知,59.93,0,2.06,20260813,2.0188,expired_unfilled,,0,,,0,,,0,0,0.15,0,0,false,0,not_entered,expired_unfilled,0,0,0
recommend_trade_v1,trd_7b55cf11a2451248e5a49f3c,sig_4a9ae4cff9ad9d96611515e3,legacy_v1,legacy_v1,20260812,300119.SZ,瑞普生物,未知,59.71,0,19.84,20260813,19.4432,closed,20260813,19.4432,20260814,20260814,18.859904,stop_loss,,0,-3,0.15,-3.15,19.25,false,0,skipped_daily_limit,skipped_daily_limit,0,0,0
recommend_trade_v1,trd_002eba8a3b4d6fd92b15ba74,sig_0c523873dac3b6aeef309b56,legacy_v1,legacy_v1,20260812,002244.SZ,滨江集团,未知,52.84,0,9.53,20260813,9.3394,closed,20260813,9.3394,20260814,20260814,9.059218,stop_loss,,0,-3,0.15,-3.15,9.16,false,0,skipped_daily_limit,skipped_daily_limit,0,0,0
recommend_trade_v1,trd_45e7c51e9eaea6a685ddf7f5,sig_981b76b2c29ff73da83a828d,legacy_v1,legacy_v1,20260812,000837.SZ,秦川机床,未知,52.1,0,11.2,20260813,10.976,closed,20260813,10.976,20260814,20260814,10.6,stop_loss_gap,,0,-3.42565597668,0.15,-3.57565597668,10.56,false,0,skipped_daily_limit,skipped_daily_limit,0,0,0
recommend_trade_v1,trd_4dfb4a7b58df7e8bf700a746,sig_3f1abf04bf76a0aa90eb7f3c,legacy_v1,legacy_v1,20260812,300017.SZ,网宿科技,未知,51.75,0,14.64,20260813,14.3472,expired_unfilled,,0,,,0,,,0,0,0.15,0,0,false,0,not_entered,expired_unfilled,0,0,0
recommend_trade_v1,trd_f986b0f677895a8829b3be86,sig_cd79db684d867cb8a8445acf,legacy_v1,legacy_v1,20260812,002685.SZ,华东重机,未知,51.72,0,6.21,20260813,6.0858,closed,20260813,6.0858,20260814,20260814,5.903226,stop_loss,,0,-3,0.15,-3.15,5.81,false,0,skipped_daily_limit,skipped_daily_limit,0,0,0
recommend_trade_v1,trd_9632780e6e87a955bf2ed1f8,sig_443a1f8b12460364d3cfb837,legacy_v1,legacy_v1,20260812,600352.SH,浙江龙盛,未知,51.48,0,13.7,20260813,13.426,closed,20260813,13.426,20260814,20260814,13.02322,stop_loss,,0,-3,0.15,-3.15,12.63,false,0,skipped_daily_limit,skipped_daily_limit,0,0,0
recommend_trade_v1,trd_6e6e6c8e9bd681d2785738ad,sig_9422efc623ff86ff9034d319,legacy_v1,legacy_v1,20260813,601108.SH,财通证券,未知,64.84,0,8.98,20260814,8.8004,expired_unfilled,,0,,,0,,,0,0,0.15,0,0,false,0,not_entered,expired_unfilled,0,0,0
recommend_trade_v1,trd_4d4d896a31adde4a13d4a9c1,sig_8d985b2ec9faf133642020c2,legacy_v1,legacy_v1,20260813,601991.SH,大唐发电,未知,62.03,0,6.92,20260814,6.7816,closed,20260814,6.7816,20260817,20260817,6.35,stop_loss_gap,,0,-6.36427981597,0.15,-6.51427981597,6.43,false,0,closed,,3,0.202268538639,0.189092200053
recommend_trade_v1,trd_30eee47dd94d6028f4416faa,sig_3dbde3a64038f96326762b48,legacy_v1,legacy_v1,20260813,603191.SH,望变电气,未知,61.98,0,16.94,20260814,16.6012,closed,20260814,16.6012,20260817,20260817,16.06,stop_loss_gap,,0,-3.26000530082,0.15,-3.41000530082,15.93,false,0,closed,,4,0.186987472819,0.180611190084
recommend_trade_v1,trd_16f640c95a53a7d7419655dc,sig_e40e4c7e73ccd568d246abb4,legacy_v1,legacy_v1,20260813,300026.SZ,红日药业,未知,61.43,0,3.76,20260814,3.6848,closed,20260814,3.67,20260817,20260817,3.5599,stop_loss,,0,-3,0.15,-3.15,3.64,false,0,skipped_daily_limit,skipped_daily_limit,0,0,0
recommend_trade_v1,trd_4f20881cd505db4f324df759,sig_7c98aabddac68b669d7d3917,legacy_v1,legacy_v1,20260813,600578.SH,京能电力,未知,61.03,0,6.59,20260814,6.4582,closed,20260814,6.39,20260817,20260817,5.94,stop_loss_gap,,0,-7.04225352113,0.15,-7.19225352113,5.92,false,0,skipped_daily_limit,skipped_daily_limit,0,0,0
recommend_trade_v1,trd_ab5afe2e91b9cfffee22b4a9,sig_a0ddded97b03a5fb4ae256f5,legacy_v1,legacy_v1,20260813,002015.SZ,协鑫能科,未知,60.24,0,16.44,20260814,16.1112,closed,20260814,16.1112,20260817,20260817,15.21,stop_loss_gap,,0,-5.59362431104,0.15,-5.74362431104,15.24,false,0,skipped_daily_limit,skipped_daily_limit,0,0,0
recommend_trade_v1,trd_a997fa6e56176b6f38850de3,sig_ebe5c909ba82323fa312f2b6,legacy_v1,legacy_v1,20260813,600868.SH,梅雁吉祥,未知,59.44,0,3.12,20260814,3.0576,closed,20260814,2.98,20260817,20260817,2.78,stop_loss_gap,,0,-6.71140939597,0.15,-6.86140939597,2.81,false,0,skipped_daily_limit,skipped_daily_limit,0,0,0
recommend_trade_v1,trd_4cce09b4a240df61a75bf1ae,sig_ee2081637130442d35396af9,legacy_v1,legacy_v1,20260813,603456.SH,九洲药业,未知,55.67,0,18.26,20260814,17.8948,closed,20260814,17.8948,20260817,20260817,17.357956,stop_loss,,0,-3,0.15,-3.15,17.13,false,0,skipped_daily_limit,skipped_daily_limit,0,0,0
recommend_trade_v1,trd_b4ac38c9f61c98a97901fd89,sig_8b110453c2ec20b16cdd2ef4,legacy_v1,legacy_v1,20260813,002023.SZ,海特高新,未知,55.37,0,10.77,20260814,10.5546,closed,20260814,10.5546,20260818,20260818,10.976784,take_profit,,0,4,0.15,3.85,10.58,false,0,skipped_daily_limit,skipped_daily_limit,0,0,0
recommend_trade_v1,trd_500c1df447b433433a2f9218,sig_335420baed044b8c49bf7a1a,legacy_v1,legacy_v1,20260813,600711.SH,盛屯矿业,未知,54.05,0,11.85,20260814,11.613,closed,20260814,11.613,20260818,20260818,11.94,timeout_close,,0,2.81580986825,0.15,2.66580986825,11.94,false,0,skipped_daily_limit,skipped_daily_limit,0,0,0
recommend_trade_v1,trd_f7ba914939b4f5428a7a3f4d,sig_a67ddf01973ce191ca248d87,legacy_v1,legacy_v1,20260814,601890.SH,亚星锚链,未知,63.34,0,9.18,20260817,8.9964,closed,20260817,8.99,20260819,20260819,8.7203,stop_loss,,0,-3,0.15,-3.15,8.37,false,0,closed,,2,0.220787050522,0.213832258431
recommend_trade_v1,trd_3b1e6cf00a819019da29f4f8,sig_e0e929c4a841a8ee83949b30,legacy_v1,legacy_v1,20260814,000620.SZ,盈新发展,未知,63.14,0,3.03,20260817,2.9694,closed,20260817,2.9694,20260818,20260818,3.41,take_profit_gap,,0,14.8380144137,0.15,14.6880144137,3.41,false,0,closed,,5,0.20115745,0.23070348525
recommend_trade_v1,trd_71c7d84ec36c573de3e6641f,sig_1242efbcdfb1b401849e8b3a,legacy_v1,legacy_v1,20260814,002467.SZ,二六三,未知,59.06,0,5.13,20260817,5.0274,closed,20260817,5.01,20260818,20260818,4.8597,stop_loss,,0,-3,0.15,-3.15,4.79,false,0,skipped_daily_limit,skipped_daily_limit,0,0,0
recommend_trade_v1,trd_f04c8b3f709e71bc84efa445,sig_a7ce49a1c0febad4a17d728b,legacy_v1,legacy_v1,20260814,601579.SH,会稽山,未知,58.47,0,18.68,20260817,18.3064,closed,20260817,18.3064,20260818,20260818,19.038656,take_profit,,0,4,0.15,3.85,18.76,false,0,skipped_daily_limit,skipped_daily_limit,0,0,0
recommend_trade_v1,trd_9e114cd7ad5cbd7ede9d5da4,sig_b5ee1b24b7463096cc1835b5,legacy_v1,legacy_v1,20260814,300017.SZ,网宿科技,未知,58.45,0,17.33,20260817,16.9834,closed,20260817,16.9834,20260819,20260819,16.24,stop_loss_gap,,0,-4.37721539857,0.15,-4.52721539857,15.65,false,0,skipped_daily_limit,skipped_daily_limit,0,0,0
recommend_trade_v1,trd_853fa30f215550d444860a98,sig_1c995942419fed6034126b0d,legacy_v1,legacy_v1,20260814,002602.SZ,世纪华通,未知,55.6,0,14.6,20260817,14.308,closed,20260817,14.308,20260818,20260818,13.87876,stop_loss,,0,-3,0.15,-3.15,14.26,false,0,skipped_daily_limit,skipped_daily_limit,0,0,0
recommend_trade_v1,trd_bbc92cd6568c9924a282d02c,sig_1970cb8b7711fa1f584d1dc3,legacy_v1,legacy_v1,20260814,300004.SZ,南风股份,未知,55.57,0,8.91,20260817,8.7318,closed,20260817,8.7318,20260818,20260818,8.469846,stop_loss,,0,-3,0.15,-3.15,9.15,false,0,skipped_daily_limit,skipped_daily_limit,0,0,0
recommend_trade_v1,trd_0f268da1a405438040c94cb9,sig_add45384400f69ec3eb42d69,legacy_v1,legacy_v1,20260814,603803.SH,瑞斯康达,未知,53.17,0,11.14,20260817,10.9172,closed,20260817,10.9172,20260819,20260819,10.589684,stop_loss,,0,-3,0.15,-3.15,10.08,false,0,skipped_daily_limit,skipped_daily_limit,0,0,0
recommend_trade_v1,trd_44febc11cb14bd91c7ea4772,sig_babc80e0952c44b8ef1f88ff,legacy_v1,legacy_v1,20260814,002517.SZ,恺英网络,未知,53,0,18.3,20260817,17.934,closed,20260817,17.934,20260818,20260818,17.39598,stop_loss,,0,-3,0.15,-3.15,17.24,false,0,skipped_daily_limit,skipped_daily_limit,0,0,0
recommend_trade_v1,trd_7d2dabf6ffce3b458e8a7eb4,sig_541773f33f45423406f72987,legacy_v1,legacy_v1,20260814,000917.SZ,电广传媒,未知,50.11,0,7.73,20260817,7.5754,closed,20260817,7.52,20260818,20260818,7.25,stop_loss_gap,,0,-3.59042553191,0.15,-3.74042553191,7.16,false,0,skipped_daily_limit,skipped_daily_limit,0,0,0
recommend_trade_v1,trd_80e48f43a3939b503c7dd8a3,sig_5cacffb71361dcc5ed7779ce,legacy_v1,legacy_v1,20260817,300012.SZ,华测检测,未知,85.17,0,15.22,20260818,14.9156,closed,20260818,14.9156,20260819,20260819,15.512224,take_profit,,0,4,0.15,3.85,15.04,false,0,closed,,1,0.211672834134,0.219822238248
recommend_trade_v1,trd_7d590109e35a1fd63aede633,sig_0deaf1dfba09bd18d1bf5021,legacy_v1,legacy_v1,20260817,002668.SZ,TCL智家,未知,81.18,0,10.82,20260818,10.6036,closed,20260818,10.6036,20260819,20260819,9.74,stop_loss_gap,,0,-8.14440378739,0.15,-8.29440378739,8.88,false,0,closed,,3,0.189092200053,0.17340812945
recommend_trade_v1,trd_277f46bdd793e8721bbfde13,sig_5c7098089ecc3a576da5d6e0,legacy_v1,legacy_v1,20260817,301127.SZ,武汉天源,未知,63.32,0,18.14,20260818,17.7772,expired_unfilled,,0,,,0,,,0,0,0.15,0,0,false,0,not_entered,expired_unfilled,0,0,0
recommend_trade_v1,trd_963c3f1029ccb209a6ff7aea,sig_3cb261028548cb3f0abee537,legacy_v1,legacy_v1,20260817,603758.SH,秦安股份,未知,61.9,0,14.22,20260818,13.9356,closed,20260818,13.53,20260819,20260819,12.38,stop_loss_gap,,0,-8.49963045085,0.15,-8.64963045085,11.56,false,0,skipped_daily_limit,skipped_daily_limit,0,0,0
recommend_trade_v1,trd_8b93f4368e5722bbe9347738,sig_04040f542699f799a625223f,legacy_v1,legacy_v1,20260817,601609.SH,金田股份,未知,60.28,0,11.71,20260818,11.4758,expired_unfilled,,0,,,0,,,0,0,0.15,0,0,false,0,not_entered,expired_unfilled,0,0,0
recommend_trade_v1,trd_0d3fdbefd03ffb259861d8c9,sig_f4ee813f15a290e494ccd07f,legacy_v1,legacy_v1,20260817,600222.SH,太龙药业,未知,58.18,0,8.95,20260818,8.771,closed,20260818,8.771,20260819,20260819,8.23,stop_loss_gap,,0,-6.1680538137,0.15,-6.3180538137,8.1,false,0,skipped_daily_limit,skipped_daily_limit,0,0,0
recommend_trade_v1,trd_9b1e0d8f2c4d4b24998b264f,sig_f5934ea4c0a1d7976f1444c6,legacy_v1,legacy_v1,20260817,000670.SZ,盈方微,未知,58.17,0,7.54,20260818,7.3892,expired_unfilled,,0,,,0,,,0,0,0.15,0,0,false,0,not_entered,expired_unfilled,0,0,0
recommend_trade_v1,trd_8680ceeb5471ab098ccd193b,sig_84d0078356935d138889611f,legacy_v1,legacy_v1,20260817,000620.SZ,盈新发展,未知,54.74,0,3.1,20260818,3.038,expired_unfilled,,0,,,0,,,0,0,0.15,0,0,false,0,not_entered,expired_unfilled,0,0,0
recommend_trade_v1,trd_0fbc9c07a58ed596e1d4462d,sig_a43dbf9027fe5f1632b8c771,legacy_v1,legacy_v1,20260817,000725.SZ,京东方A,未知,53.14,0,6.08,20260818,5.9584,expired_unfilled,,0,,,0,,,0,0,0.15,0,0,false,0,not_entered,expired_unfilled,0,0,0
recommend_trade_v1,trd_54a4a4fe726d6f012a59b318,sig_1140e3e015731929aae99ad9,legacy_v1,legacy_v1,20260817,600198.SH,大唐电信,未知,50.4,0,8.1,20260818,7.938,closed,20260818,7.938,20260819,20260819,7.63,stop_loss_gap,,0,-3.88007054674,0.15,-4.03007054674,7.36,false,0,skipped_daily_limit,skipped_daily_limit,0,0,0
recommend_trade_v1,trd_81ae2fad07594ef06f01326d,sig_608463c237091dbdd6e7451d,legacy_v1,legacy_v1,20260818,600598.SH,北大荒,未知,92.7,0,13.46,20260819,13.1908,closed,20260819,13.1908,20260820,20260820,12.795076,stop_loss,,0,-3,0.15,-3.15,13.31,false,0,closed,,4,0.180611190084,0.174921937597
recommend_trade_v1,trd_1503d4e2e83559da05f34d6c,sig_4cff5327cb6fc7ac567a12e8,legacy_v1,legacy_v1,20260818,000725.SZ,京东方A,未知,87.34,0,6.47,20260819,6.3406,closed,20260819,6.2,20260820,20260820,6.014,stop_loss,,0,-3,0.15,-3.15,5.9,false,0,closed,,5,0.23070348525,0.223436325465
recommend_trade_v1,trd_52e6fda278e48c71adf42a7c,sig_280df2bb7247692a67f1655f,legacy_v1,legacy_v1,20260818,600577.SH,精达股份,未知,81.49,0,8.63,20260819,8.4574,closed,20260819,8.45,20260820,20260820,7.97,stop_loss_gap,,0,-5.68047337278,0.15,-5.83047337278,7.87,false,0,skipped_daily_limit,skipped_daily_limit,0,0,0
recommend_trade_v1,trd_0c43c078df43cd093c6538a2,sig_836be75096ffc705fcfaa9e2,legacy_v1,legacy_v1,20260818,002611.SZ,东方精工,未知,76.54,0,16.35,20260819,16.023,closed,20260819,16.023,20260820,20260820,14.98,stop_loss_gap,,0,-6.50939274792,0.15,-6.65939274792,14.75,false,0,skipped_daily_limit,skipped_daily_limit,0,0,0
recommend_trade_v1,trd_d9b405f265b31d5ef37363b5,sig_f1121f1b9b521d3af765bea1,legacy_v1,legacy_v1,20260818,000998.SZ,隆平高科,未知,66.68,0,9.22,20260819,9.0356,closed,20260819,9.0356,20260820,20260820,8.764532,stop_loss,,0,-3,0.15,-3.15,8.84,false,0,skipped_daily_limit,skipped_daily_limit,0,0,0
recommend_trade_v1,trd_bd1af6da520c900456c65874,sig_80eba0eae2ff1a18ecf002fd,legacy_v1,legacy_v1,20260818,002385.SZ,大北农,未知,65.41,0,3.38,20260819,3.3124,closed,20260819,3.3124,20260820,20260820,3.213028,stop_loss,,0,-3,0.15,-3.15,3.41,false,0,skipped_daily_limit,skipped_daily_limit,0,0,0
recommend_trade_v1,trd_5ed29d0550f5e6700a10760f,sig_dade4ff8ae5d734507e6a0ef,legacy_v1,legacy_v1,20260818,600707.SH,彩虹股份,未知,64.66,0,10.8,20260819,10.584,closed,20260819,10.35,20260820,20260820,10.0395,stop_loss,,0,-3,0.15,-3.15,9.79,false,0,skipped_daily_limit,skipped_daily_limit,0,0,0
recommend_trade_v1,trd_6bb81b0852e429e63f0ab22d,sig_60f4819ed3b2c82952e0bc0f,legacy_v1,legacy_v1,20260818,000158.SZ,常山北明,未知,63.07,0,14.07,20260819,13.7886,closed,20260819,13.43,20260820,20260820,12.83,stop_loss_gap,,0,-4.46760982874,0.15,-4.61760982874,12.9,false,0,skipped_daily_limit,skipped_daily_limit,0,0,0
recommend_trade_v1,trd_96e61f7c1f84a35907bd4090,sig_da09c2fa40ed49d50fde0d08,legacy_v1,legacy_v1,20260818,000505.SZ,京粮控股,未知,61.95,0,6.79,20260819,6.6542,expired_unfilled,,0,,,0,,,0,0,0.15,0,0,false,0,not_entered,expired_unfilled,0,0,0
recommend_trade_v1,trd_68bd919bf6475592bd9ba773,sig_025c9fbbf98d5905db12dcbe,legacy_v1,legacy_v1,20260818,002815.SZ,崇达技术,未知,60.28,0,14.43,20260819,14.1414,closed,20260819,14,20260820,20260820,13.5,stop_loss_gap,,0,-3.57142857143,0.15,-3.72142857143,12.93,false,0,skipped_daily_limit,skipped_daily_limit,0,0,0
recommend_trade_v1,trd_1b3a0782d8597809d72282d1,sig_109ff72bc755199d10dd0239,legacy_v1,legacy_v1,20260819,600598.SH,北大荒,未知,90.78,0,13.86,20260820,13.5828,closed,20260820,13.09,20260821,20260821,12.6973,stop_loss,,0,-3,0.15,-3.15,12.52,false,0,skipped_duplicate,skipped_duplicate,0,0,0
recommend_trade_v1,trd_f0cb3e38b287a5156d3bac73,sig_f5ab543a88d376ab684bf38b,legacy_v1,legacy_v1,20260819,300035.SZ,中科电气,未知,64.64,0,14.69,20260820,14.3962,closed,20260820,14.3962,20260821,20260821,13.964314,stop_loss,,0,-3,0.15,-3.15,13.85,false,0,closed,,1,0.219822238248,0.212897837743
recommend_trade_v1,trd_aadb0b88f36f3059e28c8c9b,sig_fb5a8ec0e2ea1976bad80d54,legacy_v1,legacy_v1,20260819,601609.SH,金田股份,未知,63.47,0,12.95,20260820,12.691,closed,20260820,12.691,20260821,20260821,13.19864,take_profit,,0,4,0.15,3.85,13.23,false,0,closed,,2,0.213832258431,0.22206480038
recommend_trade_v1,trd_136e96f74f1d227cbe450e6c,sig_f1cd2e3a95cfb39b6343ab50,legacy_v1,legacy_v1,20260819,301211.SZ,亨迪药业,未知,59.08,0,14.54,20260820,14.2492,closed,20260820,14.2492,20260821,20260821,12.9,stop_loss_gap,,0,-9.46860174606,0.15,-9.61860174606,12.47,false,0,skipped_daily_limit,skipped_daily_limit,0,0,0
recommend_trade_v1,trd_2dde3be07ab2607e4cdddc0d,sig_155db77cc052e40b10e90d24,legacy_v1,legacy_v1,20260819,000703.SZ,恒逸石化,未知,56.56,0,19.08,20260820,18.6984,expired_unfilled,,0,,,0,,,0,0,0.15,0,0,false,0,not_entered,expired_unfilled,0,0,0
recommend_trade_v1,trd_d20d95e7284297cc219f9897,sig_57483706f2e3d560c893a332,legacy_v1,legacy_v1,20260819,601015.SH,陕西黑猫,未知,56.22,0,3.71,20260820,3.6358,closed,20260820,3.63,20260821,20260821,3.5211,stop_loss,,0,-3,0.15,-3.15,3.56,false,0,skipped_daily_limit,skipped_daily_limit,0,0,0
recommend_trade_v1,trd_f911fa573c07304327d1709d,sig_78d1aced6423d354f7195ac4,legacy_v1,legacy_v1,20260819,000523.SZ,红棉股份,未知,55.63,0,3.21,20260820,3.1458,closed,20260820,3.09,20260821,20260821,3.53,take_profit_gap,,0,14.2394822006,0.15,14.0894822006,3.18,false,0,skipped_daily_limit,skipped_daily_limit,0,0,0
recommend_trade_v1,trd_127e69f85b403a42437a8991,sig_e80211282f4cebe3b4a27fd1,legacy_v1,legacy_v1,20260819,000725.SZ,京东方A,未知,54.5,0,6.01,20260820,5.8898,closed,20260820,5.8898,20260824,20260824,5.713106,stop_loss,,0,-3,0.15,-3.15,5.75,false,0,skipped_duplicate,skipped_duplicate,0,0,0
recommend_trade_v1,trd_7c3f848993aff2caddd1a0b2,sig_10aad36c9a6d75c42627467f,legacy_v1,legacy_v1,20260819,600121.SH,郑州煤电,未知,52.09,0,4.17,20260820,4.0866,closed,20260820,3.9,20260824,20260824,4.056,take_profit,,0,4,0.15,3.85,4.05,false,0,skipped_daily_limit,skipped_daily_limit,0,0,0
recommend_trade_v1,trd_2de0285b700e5133c1276499,sig_bc8f9e2bf19567ac674397fb,legacy_v1,legacy_v1,20260819,002668.SZ,TCL智家,未知,46.7,0,8.88,20260820,8.7024,expired_unfilled,,0,,,0,,,0,0,0.15,0,0,false,0,not_entered,expired_unfilled,0,0,0
recommend_trade_v1,trd_ca8ad5bfa179f2c4194dd68b,sig_3b52c670c9106b94aa2d2c4b,legacy_v1,legacy_v1,20260820,300601.SZ,康泰生物,未知,65.88,0,14.47,20260821,14.1806,closed,20260821,13.2,20260824,20260824,12.804,stop_loss,,0,-3,0.15,-3.15,12.62,false,0,closed,,3,0.17340812945,0.167945773372
recommend_trade_v1,trd_2dd4f7f78166fa888dac6a55,sig_937b4edcd3d60ff66721ec6a,legacy_v1,legacy_v1,20260820,300171.SZ,东富龙,未知,60.99,0,14.9,20260821,14.602,closed,20260821,14.26,20260824,20260824,13.8322,stop_loss,,0,-3,0.15,-3.15,13.77,false,0,closed,,4,0.174921937597,0.169411896562
recommend_trade_v1,trd_eaf92eba6fb7f07756b4e88a,sig_99c77bc029cfb95d9d2ff20c,legacy_v1,legacy_v1,20260820,600649.SH,城投控股,未知,57.65,0,4.16,20260821,4.0768,closed,20260821,3.98,20260824,20260824,3.83,stop_loss_gap,,0,-3.76884422111,0.15,-3.91884422111,3.81,false,0,skipped_daily_limit,skipped_daily_limit,0,0,0
recommend_trade_v1,trd_5cc755de2c4ae04f2fb77376,sig_533cb74458b6e590a2ed2eb3,legacy_v1,legacy_v1,20260820,603123.SH,翠微股份,未知,56.91,0,9.23,20260821,9.0454,expired_unfilled,,0,,,0,,,0,0,0.15,0,0,false,0,not_entered,expired_unfilled,0,0,0
recommend_trade_v1,trd_e6175e964ea16f0c0f27d998,sig_c5df5f838d870441c084112d,legacy_v1,legacy_v1,20260820,600598.SH,北大荒,未知,55.48,0,13.31,20260821,13.0438,closed,20260821,13.0438,20260824,20260824,12.46,stop_loss_gap,,0,-4.47568959966,0.15,-4.62568959966,12.77,false,0,skipped_daily_limit,skipped_daily_limit,0,0,0
recommend_trade_v1,trd_5abd827841150ee2d234b9f5,sig_407a770cd5d7af9e21c03c64,legacy_v1,legacy_v1,20260820,600610.SH,中毅达,未知,55.02,0,8.02,20260821,7.8596,closed,20260821,7.64,20260824,20260824,7.9456,take_profit,,0,4,0.15,3.85,8.66,false,0,skipped_daily_limit,skipped_daily_limit,0,0,0
recommend_trade_v1,trd_2ecff63256e882fa2bbbba16,sig_692d8765968862708cdae540,legacy_v1,legacy_v1,20260820,300358.SZ,楚天科技,未知,54.76,0,9.25,20260821,9.065,closed,20260821,9.065,20260824,20260824,8.79305,stop_loss,,0,-3,0.15,-3.15,8.67,false,0,skipped_daily_limit,skipped_daily_limit,0,0,0
recommend_trade_v1,trd_a799e350ee0732887478e2ee,sig_adbe04efac060ccbd9ee337a,legacy_v1,legacy_v1,20260820,600711.SH,盛屯矿业,未知,54.61,0,11.64,20260821,11.4072,expired_unfilled,,0,,,0,,,0,0,0.15,0,0,false,0,not_entered,expired_unfilled,0,0,0
recommend_trade_v1,trd_ae0a826b56f27e8c09e620b6,sig_ac0839e3982d6d3c94380b68,legacy_v1,legacy_v1,20260820,002202.SZ,金风科技,未知,54.54,0,19.84,20260821,19.4432,closed,20260821,19.24,20260824,20260824,18.6628,stop_loss,,0,-3,0.15,-3.15,18.3,false,0,skipped_daily_limit,skipped_daily_limit,0,0,0
recommend_trade_v1,trd_db03099b11c00bd1eadf0949,sig_d417c4d27103f502456b7f7a,legacy_v1,legacy_v1,20260820,601600.SH,中国铝业,未知,50.5,0,9.17,20260821,8.9866,expired_unfilled,,0,,,0,,,0,0,0.15,0,0,false,0,not_entered,expired_unfilled,0,0,0
recommend_trade_v1,trd_f04f0a8603a6a5543a68bc7b,sig_3590255f82b5b690eb3845a4,legacy_v1,legacy_v1,20260821,300773.SZ,拉卡拉,未知,83.95,0,15.41,20260824,15.1018,closed,20260824,15.1018,20260825,20260825,15.705872,take_profit,,0,4,0.15,3.85,16,false,0,closed,,1,0.212897837743,0.221094404496
recommend_trade_v1,trd_00be0cce1273f890071b0ef1,sig_a7be20523d41678e1e85ff53,legacy_v1,legacy_v1,20260821,300180.SZ,华峰超纤,未知,63.74,0,4.53,20260824,4.4394,expired_unfilled,,0,,,0,,,0,0,0.15,0,0,false,0,not_entered,expired_unfilled,0,0,0
recommend_trade_v1,trd_32d8c8aa360d50fffdc82f27,sig_50caa2ad59ad78755a59d5a5,legacy_v1,legacy_v1,20260821,300221.SZ,银禧科技,未知,54.45,0,14.4,20260824,14.112,closed,20260824,14.112,20260825,20260825,13.68864,stop_loss,,0,-3,0.15,-3.15,13.79,false,0,closed,,2,0.22206480038,0.215069759168
recommend_trade_v1,trd_6778a0467c1bd2e4de34f4a9,sig_1b6a71e4c12724d30514e105,legacy_v1,legacy_v1,20260821,600711.SH,盛屯矿业,未知,53.42,0,12.1,20260824,11.858,closed,20260824,11.858,20260825,20260825,11.50226,stop_loss,,0,-3,0.15,-3.15,11.51,false,0,skipped_daily_limit,skipped_daily_limit,0,0,0
recommend_trade_v1,trd_4bf9b9861b50589a31f7f219,sig_c4a8935536bfdc89ff10fcc9,legacy_v1,legacy_v1,20260821,000786.SZ,北新建材,未知,52.75,0,16.98,20260824,16.6404,expired_unfilled,,0,,,0,,,0,0,0.15,0,0,false,0,not_entered,expired_unfilled,0,0,0
recommend_trade_v1,trd_4f33d280abd18b93d0024738,sig_abcf9b3247dd3f27cdd4cff8,legacy_v1,legacy_v1,20260821,600916.SH,中国黄金,未知,51.87,0,8.14,20260824,7.9772,expired_unfilled,,0,,,0,,,0,0,0.15,0,0,false,0,not_entered,expired_unfilled,0,0,0
recommend_trade_v1,trd_239a6cb216195c6655a87aac,sig_aaa3971f9e1c584e494ac3ff,legacy_v1,legacy_v1,20260821,300017.SZ,网宿科技,未知,51.12,0,15.54,20260824,15.2292,closed,20260824,15.2292,20260826,20260826,14.772324,stop_loss,,0,-3,0.15,-3.15,14.96,false,0,skipped_daily_limit,skipped_daily_limit,0,0,0
recommend_trade_v1,trd_ee458421cfdfec1ffc2885f7,sig_55ac4fc581059c79e1cc56c8,legacy_v1,legacy_v1,20260821,603123.SH,翠微股份,未知,50.18,0,9.46,20260824,9.2708,closed,20260824,9.12,20260825,20260825,9.68,take_profit_gap,,0,6.14035087719,0.15,5.99035087719,9.89,false,0,skipped_daily_limit,skipped_daily_limit,0,0,0
recommend_trade_v1,trd_90c3cf7c678701aac5cdf871,sig_3eb3104f0793e67756a40856,legacy_v1,legacy_v1,20260821,600577.SH,精达股份,未知,50,0,8.66,20260824,8.4868,closed,20260824,8.4868,20260826,20260826,8.95,take_profit_gap,,0,5.45788754301,0.15,5.30788754301,8.63,false,0,skipped_daily_limit,skipped_daily_limit,0,0,0
recommend_trade_v1,trd_07ec7eb0d201048d899482f6,sig_297c5bc78d872d6b994eaf9b,legacy_v1,legacy_v1,20260821,603327.SH,福蓉科技,未知,49.7,0,9.33,20260824,9.1434,expired_unfilled,,0,,,0,,,0,0,0.15,0,0,false,0,not_entered,expired_unfilled,0,0,0
recommend_trade_v1,trd_2ce75e9c9d1e2c858afd3761,sig_8dd1ce384c44594a49366545,recommend_signal_v2,recommend_v2,20260824,300328.SZ,宜安科技,小金属,98.38,1,16.58,20260825,16.2484,closed,20260825,16.2484,20260826,20260826,16.898336,take_profit,,0,4,0.15,3.85,17.33,false,0,closed,,1,0.2,0.2077
recommend_trade_v1,trd_1785cddffa41c78d8ffca0a2,sig_7d11b6153abfa4f4f385957e,recommend_signal_v2,recommend_v2,20260824,002274.SZ,华昌化工,农药化肥,94.62,2,6.15,20260825,6.027,exit_deferred,20260825,6.027,20260827,,0,,no_quote,0,0,0.15,0,6.47,true,2,exit_deferred,,2,0.2,0
recommend_trade_v1,trd_c9c4595959b31a49bfdc5d3b,sig_33fda4359ae0e904472c8577,recommend_signal_v2,recommend_v2,20260824,601101.SH,昊华能源,煤炭开采,92.97,3,13.51,20260825,13.2398,closed,20260825,13.2398,20260826,20260826,12.842606,stop_loss,,0,-3,0.15,-3.15,13.33,false,0,skipped_daily_limit,skipped_daily_limit,0,0,0
recommend_trade_v1,trd_e61d1811f28e73d1fedd9291,sig_d1b2c29a31d8f3473c9b3866,recommend_signal_v2,recommend_v2,20260824,688596.SH,正帆科技,专用机械,95.52,4,71.15,20260825,69.727,closed,20260825,69.19,20260826,20260826,71.9576,take_profit,,0,4,0.15,3.85,72.8,false,0,skipped_daily_limit,skipped_daily_limit,0,0,0
recommend_trade_v1,trd_9061f15c349914689f0c51f4,sig_ce93503d2c2cef34bacb3e02,recommend_signal_v2,recommend_v2,20260824,300864.SZ,南大环境,环境保护,95.03,5,25.69,20260825,25.1762,closed,20260825,25.1762,20260826,20260826,26.183248,take_profit,,0,4,0.15,3.85,26.1,false,0,skipped_daily_limit,skipped_daily_limit,0,0,0
recommend_trade_v1,trd_e2f5d9dbc369f7dee0ea1390,sig_201cd4d01fc2aad1a107a2fc,recommend_signal_v2,recommend_v2,20260825,300358.SZ,楚天科技,医疗保健,95.47,1,9.3,20260826,9.114,open,20260826,9.114,,,0,,,0,0,0.15,0,9.18,false,0,open,,3,0.2,0
recommend_trade_v1,trd_3f5f61a5a5b3f41c3c01c451,sig_32ef07025d35e2249534eb7e,recommend_signal_v2,recommend_v2,20260825,002274.SZ,华昌化工,农药化肥,93.93,2,6.47,20260826,6.3406,entry_unavailable,,0,,,0,,,0,0,0.15,0,0,false,0,not_entered,entry_unavailable,0,0,0
recommend_trade_v1,trd_bd4eca381ac931f98e2ce348,sig_498e3810bf44b9c441b2bf3f,recommend_signal_v2,recommend_v2,20260825,002589.SZ,瑞康医药,医药商业,93.92,3,3.24,20260826,3.1752,expired_unfilled,,0,,,0,,,0,0,0.15,0,0,false,0,not_entered,expired_unfilled,0,0,0
recommend_trade_v1,trd_879eb7127ce63b2ef8e10259,sig_78e250cad5afa4f72611fb4f,recommend_signal_v2,recommend_v2,20260825,002329.SZ,皇氏集团,乳制品,92.92,4,3.91,20260826,3.8318,open,20260826,3.83,,,0,,,0,0,0.15,0,3.92,false,0,open,,4,0.2,0
recommend_trade_v1,trd_bbd7f9762e84399068df1909,sig_ff1900108bce5b0dcd49587d,recommend_signal_v2,recommend_v2,20260825,002640.SZ,跨境通,互联网,92.89,5,3.32,20260826,3.2536,expired_unfilled,,0,,,0,,,0,0,0.15,0,0,false,0,not_entered,expired_unfilled,0,0,0
recommend_trade_v1,trd_f668655813277fe5d0fade56,sig_e889f008560fa39cbc814d25,recommend_signal_v2,recommend_v2,20260826,002015.SZ,协鑫能科,新型电力,95.79,1,17.14,20260827,16.7972,open,20260827,16.45,,,0,,,0,0,0.15,0,16.72,false,0,open,,1,0.2077,0
recommend_trade_v1,trd_c6c90f7bf954facd748bcdc9,sig_674a852d0a26a54b6c953c85,recommend_signal_v2,recommend_v2,20260826,688772.SH,珠海冠宇,电气设备,95.45,2,15.03,20260827,14.7294,open,20260827,14.7294,,,0,,,0,0,0.15,0,15.03,false,0,open,,5,0.2,0
recommend_trade_v1,trd_287727601cfd169b505b8032,sig_4c4a3b604c997f7f5106ffcf,recommend_signal_v2,recommend_v2,20260826,300191.SZ,潜能恒信,石油开采,95.59,3,37.19,20260827,36.4462,expired_unfilled,,0,,,0,,,0,0,0.15,0,0,false,0,not_entered,expired_unfilled,0,0,0
recommend_trade_v1,trd_c58d81a1ad04018739f6f795,sig_6d303c3c4f275472380118e1,recommend_signal_v2,recommend_v2,20260826,000783.SZ,长江证券,证券,92.28,4,9.08,20260827,8.8984,expired_unfilled,,0,,,0,,,0,0,0.15,0,0,false,0,not_entered,expired_unfilled,0,0,0
recommend_trade_v1,trd_7ed6e6539932b0956f51241f,sig_89ad710e65ddea3ea881f7a2,recommend_signal_v2,recommend_v2,20260826,300395.SZ,菲利华,玻璃,93.72,5,88.67,20260827,86.8966,open,20260827,86.8966,,,0,,,0,0,0.15,0,89.51,false,0,skipped_daily_limit,skipped_daily_limit,0,0,0
